others,url,v_news_content,title
"发布日期：2020-05-28    作者：     来源：党委宣传部
        点击：",http://www.gxstnu.edu.cn/info/1024/10195.htm,"5月28日，学校召开新冠肺炎疫情防控工作领导小组和开学工作领导小组全体成员会议，布置开展疫情防控漏洞排查及整改工作。学校领导陈贵英、张鹏、吴江萍、陈翔、蓝海、梁梅、胡国强及领导小组全体成员参加会议。会议由张鹏校长主持。,张鹏校长在会上传达了自治区教育厅新冠肺炎疫情防控工作调度会议精神。同时指出，当前我国新冠肺炎疫情防控工作虽然已经从应急状态转为常态化，但是，“外防输入、内防反弹”疫情防控策略和常态化疫情防控措施要持续加强。要认真贯彻落实自治区教育厅新冠肺炎疫情防控工作调度会议精神，切实抓好疫情防控漏洞排查和整改工作。张校长要求，,认真履职尽责。各领导小组及工作组，要认真履行疫情防控工作职责，确保疫情防控工作和中心工作两不误、双促进；,开展漏洞排查。围绕封闭管理、晨午晚检、佩戴口罩、日报告和零报告、居家观察、隔离观察等工作开展认真细致的排查；,责任落实到人。学校、学院、班级、宿舍等每个层面都要做到责任落实到人，持续筑牢多层次、立体化的防控体系。,学校党委书记陈贵英在会上强调，新冠肺炎疫情防控工作从应急状态转为常态化的局面来之不易，要巩固成果并最后打赢疫情防控阻击战，必须持续强化疫情防控工作的各项措施。,思想不能松懈。坚决克服侥幸心理，时刻绷紧疫情防控这根弦，不麻痹、不厌战、不松劲，认真堵住漏洞，严防疫情在校园暴发。,管理不能松动。各单位、各部门要管好自己的人、看好自己的门，落实各项措施，强化校门管理，严格履行外出审批制度；持续抓好日报告、零报告工作，做好晨午晚体温检测。,排查不留死角。第一批学生返校复学至今已有一个多月时间，学校平稳度过，教育教学工作紧张有序地进行，但一些疫情防控措施容易出现弱化，要认真按照自治区教育厅的要求，开展一次全方位的漏洞大排查，并及时抓好整改落实，确保师生员工生命安全和身体健康。",【疫情防控】学校布置疫情防控漏洞排查及整改工作
"发布日期：2020-06-10    作者：韦清燕     来源：科研管理处
        点击：",http://www.gxstnu.edu.cn/info/1024/10232.htm,"6月9日下午，自治区科协党组成员、副主席何求一行2人到我校开展全民科学素质调研工作，来宾市科协党组书记、主席潘毅华陪同调研。我校副校长、科协主席李栋学热情接待了来访领导。,李栋学副校长代表学校对何求副主席一行到来表示热烈欢迎，并介绍了学校办学基本情况。何求副主席一行先后考察了我校“广西糖资源工程技术研究中心”“广西机器人高新技术企业孵化中心”等科研平台和科普基地。在考察中，李副校长向何求副主席介绍了我校科研平台和科普基地的建设情况、我校科协近年来开展的科普活动及参与广西全民科学素质提升活动有关情况。,何求副主席一行考察我校“广西糖资源工程技术研究中心”,何求副主席一行考察我校“广西机器人高新技术企业孵化中心”,何求副主席对我校科研平台、科普基地建设情况和大学生参与科学素质提升情况给予肯定。他指出，科学素质是公民素质的重要组成部分，2020年是我区全民科学素质提升的关键时期，需要引导大学生掌握基本的科学方法，树立科学思想，崇尚科学精神，在全社会营造讲科学、学科学、爱科学、用科学的浓厚氛围，为建设壮美广西、共圆复兴梦想做出新的更大贡献。,学校科研管理处及相关二级学院领导参与调研。",【图文】自治区科协副主席何求一行来校调研指导
"发布日期：2020-06-04    作者：姜稳     来源：党委学生工作部
        点击：",http://www.gxstnu.edu.cn/info/1024/10206.htm,"6月1日，我校邀请来宾市公安局来华公安分局副局长韦俊先，在图书馆学术报告厅开展防范电信诈骗及法制教育专题讲座。党委武装部部长黄元佗、各二级学院副书记、辅导员以及各学院学生代表近200人参加了讲座。讲座由党委学生工作部部长廖洪建主持。,讲座现场,韦俊先副局长向师生们介绍了电信诈骗防范的严峻形势。他指出，近年来，网络电信诈骗的形式越加多样化，校园是电信诈骗的重灾区。韦副局长通过学校近年来的电信诈骗案例向参会师生介绍了发生在大学生中常见的兼职刷单、冒充客服、冒充QQ熟人、游戏充值诈骗、校园贷、手机短信诈骗等电信诈骗类型，告诫同学们要时刻保持警惕意识，切勿轻信网络信息，树立理性消费观念，远离电信诈骗。来宾市公安局还发放了防范电信诈骗宣传页。,来宾市公安局来华公安分局副局长韦俊先作防范电信诈骗及法制教育专题讲座,发放宣传页,通过本次讲座，让同学们认识到了电信诈骗的相关知识，增强了应对各种电信诈骗的防范意识。",【图文】学校举办防范电信诈骗及法制教育专题讲座
"发布日期：2020-06-04    作者：杨新士     来源：党委宣传部
        点击：",http://www.gxstnu.edu.cn/info/1024/10207.htm,"6月3日上午，广西建工建筑安装技工学校党支部副书记、副校长何志敏一行7人到我校交流学习。学校副校长蓝海以及相关部门负责人在科教楼7楼会议室与何志敏一行就后勤服务管理、学生管理等方面进行了座谈交流。,座谈会现场",【图文】广西建工建筑安装技工学校领导到我校交流学习
"发布日期：2020-05-29    作者：韦贵方     来源：党委组织部
        点击：",http://www.gxstnu.edu.cn/info/1024/10196.htm,"5月25日至27日，学校党委副书记陈翔到融水县我校定点帮扶的田里村、枫木村、甲烈村调研指导脱贫攻坚工作。党委组织部、机械与电气工程学院有关人员陪同调研。,陈翔副书记到村后，与驻村工作队员们进行交流座谈，详细询问当前脱贫攻坚工作进展情况、存在困难以及下一步的打算。座谈会上，陈翔副书记强调，今年是决战决胜脱贫攻坚收官之年，驻村工作队员们要铆足劲头，一鼓作气，以高度的政治责任感和使命感全力以赴地投入到脱贫攻坚工作中，打一个漂亮的收官之战。陈翔副书记十分关心工作队员的安全问题，实地查看驻村工作队员们的饮食起居环境，了解他们生活上的需要和困难，并叮嘱驻村工作队员们注意道路交通安全、食品卫生安全、消防安全等，特别在雨季和汛期，要注意防范自然灾害。,陈翔副书记在甲烈村与驻村工作队员座谈,陈翔副书记在枫木村调研指导脱贫攻坚工作,陈翔副书记在田里村调研指导脱贫攻坚工作",【图文】陈翔副书记到学校帮扶贫困村调研指导脱贫攻坚工作
"发布日期：2020-06-14    作者：杨新士     来源：党委宣传部
        点击：",http://www.gxstnu.edu.cn/info/1024/10222.htm," ,秀气的脸庞，谦和的语气，再加上一幅黑框近视眼镜，标识了这位年轻帅气小伙的书生身份。他叫姚彬彬，家在有“万里长江此封喉，吴楚分疆州”之称的安徽省安庆市，是我校数学与计算机科学学院2016级计算机科学与技术（云计算方向）专业本科毕业班学生。或许是坐落在安徽省合肥市的中国科学技术大学对“鱼米之乡”的倾情回报，或许是姚彬彬同学自幼就受这所人才辈出的学府深深吸引，他，即将迈进中国科学技术大学的大门，成为这所学府软件学院电子信息专业2020级研究生，他也成为我校第一位考取985高校研究生的优秀本科毕业生！,然而，光环的背后，是一条充满酸甜苦辣的考研之路……,初见姚彬彬，就被他的坦诚所吸引。“在大学四年与同学关系相处融洽，自己就是平平凡凡的普通人，也没有拿过什么大奖，但学习成绩一直都排在班级前几名。”他这样评价自己的大学生活。谈起为什么会选择考研，“不甘心”，他坚定地说。“在高中平时成绩都很好，由于高考没有发挥好，第一目标没有如愿实现。但是，自己考上了普通的二本学校，自己感觉也不比考上一本的同学差。另一方面，想去个更高水平的大学继续提升自己，圆自己的梦想。”其实，在姚彬彬心中始终都有个名校情结。“当时自己确定了考研目标就是985高校，认真分析了自己的实际情况之后，认为考上中国科学技术大学的机会比较大，这所学校是坐落在家乡的高校，更是我国的名校，所以最终确定了考研目标”。人生虽有暂时的失意，他始终不甘屈从于命运的安排，坚韧不拔，锲而不舍，最终实现了自己的心愿。,谈到学习方法时，姚彬彬说：“我以前的学习方法，就是不停地刷题、赶进度，总认为题做得越多，成绩肯定就越好，却不知道去反思、去总结。结果是花费大量的时间和精力在做无用功，学了忘，忘了学，学习效果很不理想。我慢慢地总结，认为合理的、科学的学习方法是‘输入加工—构建体系—内化记忆—输出反馈’。这是个闭环过程，只有经过这个闭环过程，知识才能记忆更长久，内化成自己的知识体系”。他这样清晰明了地总结自己学习方法。“我们大多数同学都只是做到‘输入加工’这个步骤，学习就达不到想要的效果。在考研的时候，我反思了自己的学习方法，尽量的把这个闭环走完，我发现这个方法效果很明显。”同时，他也特别强调，“每个人都有适合自己的学习方法，别人的学习方法不一定适合你，在你探索到适合你的学习方法时，你坚定去做，只有做了，你才能得到反馈，再根据自己的反馈去矫正就行了。我看到挺多同学都是在寻找方法的路上越走越远，迟迟不肯自己先去做。”谈到这，姚彬彬说出了他最真实的感受：“人生不像做饭，不能等万事俱备了才下锅”。子曰：“学而不思则罔，思而不学则殆”。在学习的过程中，就是边做边思考，只有先行，然后才能获得知，学习就是知行合一的过程。,“其实很多同学在考研过程中都会出现学着学着就后劲不足的情况，刚开始下定决心考研，学习了一段时间，发现坚持不下去，觉得自己不行，然后就开始焦虑，在内心开始批判自己，这样的心态一直循环往复。”姚彬彬在谈到考研压力时说。考研是一场持久战，大部分的时间都是自己孤军奋战，在考研的过程中遇到迷茫和压力都是再正常不过的事情，最重要的是要学会调整心态。“人要学会接纳自己，我们大多数人都这样，我们不是神仙，不可能像个机器人一样，一直无脑学习。当你累的时候，就要去休息，等事后自责的时候，你告诉自己，要承认我们都是一个普通的人，会疲惫，也会偷懒，但既然确定了目标就要坚持，这样就会释怀很多了。你要允许自己有一段适当的放松的时候，不要把自己逼得太紧，放松过后坚持学就好了。”考研贵在持之以恒，要懂得劳逸结合，学习时候保持良好的精神，才能事半功倍。,“我比较自信，觉得自己一定行。”当问起他认为自己获胜的秘诀是什么，他坚定的说道。无论什么时候，就要对自己要有恒心，有自信心。面对准备考研的学弟学妹，他说，“学习要学会把握好时间、精力、注意力、目标、策略等关系，不要总是迷恋于网上的考研经验贴，决定了就要行动起来，确定目标一定要根据自己的实际，然后脚踏实地的去学习，把握好自己的节奏，注重学习效率。”姚彬彬鼓励学弟学妹们，“考研更多的靠自己自觉，学不下去，没有动力的话，可以找个复习程度相当的朋友互相激励，如果找不到这样的研友，累的时候就想想未来，对未来要有期待。在复习过程中，一定要注意及时回顾分析自己的问题，看看“时间、精力、注意力、目标、策略”中哪个部分没有做好就去想办法改善，在考研的过程中会出现各种影响自己的事情，应该把最主要的精力放在学习上，考研很可能是你人生的另一个转折点，其它的事情都可以先放一放。其实考研没有捷径，哪有什么一夜成名，不过是百炼成钢。希望越来越多的学弟学妹们能够考上自己心仪的学府研究生。,“大学四年时光转瞬即逝，感谢母校培养了我、成就了我，祝愿母校兴旺发达”。在即将结束采访时，姚彬彬深情地说。,在与姚彬彬同学的交流中，笔者深感他腼腆的外表下有着强大的自信心，思路清晰又冷静从容，让人为其内心之强大与信念之坚定所折服。考研是持之以恒的过程，要脚踏实地，明确自己的目标，要永远自信，永不放弃，机会终会降临,奋斗终会成功、终会迎来开花结果。姚彬彬同学为我校许许多多树立考研目标的学生做了榜样。我们坚信，他在求学路上一定会学有所成、成就未来。",【榜样人物】筑梦前行 不负韶华——数学与计算机科学学院姚彬彬同学的考研心路
"发布日期：2020-06-10    作者：韦贵方　     来源：党委组织部
        点击：",http://www.gxstnu.edu.cn/info/1024/10231.htm,"6月10日上午，学校在图书馆学术报告厅召开校领导班子和领导干部2019年度考核测评会。自治区党委组织部干部五处主任科员梁达政出席会议，在家的校领导陈贵英、张鹏、吴江萍、陈翔、梁梅、李栋学、胡国强，校长助理宋启军及全体中层正职干部、正高级职称人员参加会议。会议由校党委书记陈贵英主持。,会议现场,陈贵英书记代表校领导班子对2019年工作进行了全面总结。陈书记指出，2019年，学校坚持以习近平新时代中国特色社会主义思想为指导，深入学习贯彻党的十九大和十九届二中、三中、四中全会精神，坚持社会主义办学方向，落实立德树人根本任务，各项事业取得显著成绩。特别是聚焦主题主线，开展“不忘初心、牢记使命”主题教育取得明显成效；深化改革，强化管理，学校办学水平和治理能力不断提升；加强党建与思想政治工作，为学校发展提供坚强保证；严格标准选人用人，干部选拔任用工作质量不断提高。学校各项工作迈向新的台阶。,陈贵英书记作报告,学校领导班子成员围绕中心工作，结合各自分工，对一年来履职情况进行了书面述职述廉。与会人员根据学校领导班子和成员的述职报告及日常工作，以无记名的方式进行测评。, , ",【图文】学校召开校领导班子和领导干部2019年度考核测评会
"发布日期：2020-06-10    作者：何正开     来源：数学与计算机科学学院
        点击：",http://www.gxstnu.edu.cn/info/1024/10233.htm,"6月9日下午，数学与计算机科学学院在理科楼502会议室召开2020年计算机类专业人才培养方案校企论证会。学院邀请了中科曙光、中关村软件园、大连东软教育科技集团、360教育事业部、深圳华清远见科技发展有限公司、甲骨文OAEC人才产业基地等单位共10位企业（行业）专家参加论证会。学校副校长梁梅出席会议，教务处处长林翠英、职业技术教育学院院长黄良永及数计学院相关领导、计算机类全体教师参加会议。会议由学院院长吴建生主持。,会议现场,会上，梁梅副校长代表学校对各位行业专家到来表示热烈欢迎，并简要介绍了学校的校企合作情况，希望专家们多提宝贵意见，对计算机类专业人才培养方案进行优化与完善，把学校和企业合作的优势凸现出来，做成特色专业。,梁梅副校长讲话,计算机类4个专业教研室主任重点就2020年人才培养方案关于课程体系架构等情况向专家请教。专家组就各专业人才培养方案围绕计算机类课程的课程设置、理论与实践创新教学等方面的问题进行研讨和交流，并对各专业人才培养方案的修改完善提出了宝贵的意见建议。还就如何在人才培养方案中组建课程模块，强化实践教学环节，加强人文教育等提出了建设性意见。,吴建生院长表示，学院将认真落实本次论证会上专家的意见，依据学校应用型人才培养目标，加强校企合作，协同育人，结合学院实际认真研究、吸纳专家建议，对接计算机类人才需求，切实做好2020人才培养方案的修订工作。",【图文】数学与计算机科学学院召开2020年计算机类专业人才培养方案校企论证会
"发布日期：2020-06-08    作者：党委组织部     来源：梁玉莹
        点击：",http://www.gxstnu.edu.cn/info/1024/10221.htm,"6月5日下午，我校在科教楼6楼会议室召开2020年党建工作例会暨基层党建工作推进会。学校党委副书记陈翔出席并讲话，党委组织部（党委统战部）、党委宣传部负责人以及各二级党委、党总支部负责人参加会议。,会议现场,会上，外国语学院党委、教育科学学院党委、机械与电气工程学院党总支部分别就如何推进基层党组织标准化规范化建设和“党建+”引领工程进行交流发言；党委组织部（统战部）部长张庆武通报了我校基层党建工作存在的主要问题和下一步工作计划；党委宣传部部长潘兴明通报了意识形态和宗教排查有关情况并进行了分析研判。,陈翔副书记在听取汇报后作了讲话。陈副书记肯定了外国语学院党委等3个二级党组织在基层党建工作方面取得的成绩，并指出了存在的问题与不足，鼓励其他二级单位党组织要相互学习、借鉴。陈副书记要求，一要对基层党建工作中关于党建工作责任落实、议事决策制度、基层党组织标准化规范化建设、“党建+”引领工程、严格党内组织生活制度、党务工作者队伍建设、发展党员工作等7个方面存在的薄弱环节，全力补齐短板弱项；二要压实意识形态责任和守好意识形态阵地，切实维护学校意识形态安全；三要强化党建工作责任落实、突出工作重点、创新工作举措、建强党务队伍。,陈翔副书记讲话",【图文】学校召开2020年党建工作例会暨基层党建工作推进会
"发布日期：2020-06-16    作者：杨新士     来源：党委宣传部
        点击：",http://www.gxstnu.edu.cn/info/1024/10245.htm,"6月16日上午，学校在科教楼七楼会议室召开2020年安全工作会议暨“安全生产月”宣传教育启动仪式。学校副校长蓝海出席并讲话，各行政教辅部门、二级学院主要负责人参加会议。,会议现场,会上，保卫处处长黄元佗通报了学校2019年安全工作情况，并传达了学校开展2020年“安全生产月”和“安全生产八桂行”活动安排。各相关部门负责人结合工作实际，汇报了各方面存在的安全风险点以及防范建议。,蓝海副校长在认真听取汇报后作了讲话。蓝副校长强调，一要把校园安全工作作为各项工作的重中之重，加强组织领导，加大宣传教育力度，增强安全责任意识；二要认真开展安全生产监督检查，结合学校工作实际，把各项防范措施抓紧、抓实、抓好，切实落到实处；三要及时防范和化解各类安全风险，排查安全工作隐患做到不留盲点，不出漏洞，整改工作及时到位；四要认真执行学校安全工作部署，全面深入地开展“安全生产月”和“安全生产八桂行”系列活动，确保校园稳定和师生安全。,蓝海副校长讲话",【图文】学校召开2020年安全工作会议暨“安全生产月”宣传教育启动仪式
"发布日期：2020-06-18    作者：莫诗逸     来源：
        点击：",http://www.gxstnu.edu.cn/info/1024/10261.htm,"6月16日下午，广西师范大学党委副书记旷永青一行9人到我校开展校友代表座谈会，来宾市人民政府教育督导委员会办公室主任黄祖应陪同调研。我校副校长蓝海，原校长助理、退休干部曾令宏及部分广西师大校友参加了座谈会。,会上，蓝海副校长代表学校对旷永青副书记一行到访表示热烈欢迎，并简要介绍了参会的校友代表，同时表达了对母校的思念、感恩之情，希望双方以此次交流为契机，进一步加强沟通与合作，共同促进学校发展。,原校长助理、退休干部曾令宏教授向与会代表详细汇报了广西师范大学校友会广西科技师范学院联络处的筹备工作情况，并表态将履行好会长职责，做好服务工作，依法依规开展各项校友联谊活动。,旷永青副书记对我校热情接待、积极筹备校友联络处表示感谢，希望通过成立广西师范大学校友会广西科技师范学院联络处以凝聚师大校友力量，促进两所学校的共同发展。并衷心期望各位校友相约母校、齐叙友情、共商发展。",【图文】广西师范大学党委副书记旷永青一行到我校开展校友代表座谈会
"发布日期：2020-06-17    作者：程茂华     来源：发展规划与学科建设处
        点击：",http://www.gxstnu.edu.cn/info/1024/10251.htm,"6月16日下午，学校在科教楼八楼会议室召开学位评定委员会会议。校学位评定委员会主席、校长张鹏，副主席、校党委书记陈贵英，校党委副书记陈翔、副校长梁梅出席会议，学位评定委员会全体委员参加会议。会议由张鹏校长主持。,会议现场,会上，学校学位评定委员会办公室、各学位评定分委员会以及教务处分别汇报了2020届本科毕业生学士学位资格审核情况。会议审议通过了授予2020届1866人普通高等教育本科学士学位。,张鹏校长在总结讲话中充分肯定了学校学位评定委员会和各分委员会的工作。结合学位授予率，张校长强调，要进一步提高教学质量、严格学位授予标准；各二级学院要重视学生的培养工作，加强学位论文过程管理，严把学位论文质量关，不断加强学校本科教育内涵建设。",【图文】学校召开学位评定委员会会议
"发布日期：2020-06-17    作者：李小雨     来源：校工会
        点击：",http://www.gxstnu.edu.cn/info/1024/10250.htm,"6月16日下午，学校在图书馆学术报告厅举办新一届教代会暨工代会代表培训会，邀请自治区总工会干部学校副校长、高级讲师何华英主讲。学校党委副书记陈翔出席会议，新一届教代会暨工代会代表共100余人参加培训会。,何华英副校长就如何做好新时代教职工代表为主题，为大家讲授了新时期教职工代表如何履行义务和职责，提高依法行使民主权利及民主管理学校的能力，落实好教代会的各项权利。何副校长重点阐述了如何写好提案，发挥民主参与作用，内容丰富，实用性强，既有理论高度又紧贴工作实际，具有较高针对性和指导性。,自治区总工会干部学校副校长何华英作讲座,通过此次培训，代表们对如何做好新时代教职工代表有了更深刻的认识，增强了认真履职的责任心，在学校管理和发展中将更好的发挥纽带作用，为学校发展建言献策。",【图文】学校举办新一届教代会暨工代会代表培训会
"发布日期：2020-05-22    作者：刘朝霞     来源：纪检监察室
        点击：",http://www.gxstnu.edu.cn/info/1024/10188.htm,"5月21日下午，我校在科教楼6楼会议室召开2020年纪委会。校党委书记陈贵英出席会议并讲话。学校纪委委员、二级单位纪委书记（纪检委员）、纪检监察室全体干部参加会议。会议由校党委副书记、纪委书记吴江萍主持。,会议现场,吴江萍同志总结回顾了我校2019年纪检监察工作，对学校2020年纪检监察工作作了部署。她指出，2020年我校纪检监察工作在上级党委、纪委和学校党委的正确领导下，紧紧围绕学校中心工作，积极协助党委深化全面从严治党，坚持和完善监督体系，强化对权力运行的制约和监督，构建一体化推进不敢腐、不能腐、不想腐体制机制，在学校的转型发展中充分发挥监督保障执行、促进完善发展作用，加强纪检干部队伍建设，为学校转型发展提供坚强的纪律保障。,校党委书记陈贵英在会上作了讲话。她对我校纪委过去一年的工作表示肯定，并对2020年纪检监察工作提出了展望和要求。陈书记要求全体纪检监察干部在工作实际中，一要提高政治站位，强化责任担当；二要坚持学思践悟，提升履职能力；三要改进方式方法，确保监督实效；四要坚持原则底线，抓早抓常抓细；五要模范遵纪守法，打造纪检监察干部铁军。陈书记强调，全体纪检监察干部要不忘初心、牢记使命，以更高的标准、更严的要求、更硬的作风扛起肩上沉甸甸的责任，努力营造风清气正的校园政治生态，为学校转型发展保驾护航。,会上，还深入学习了十九届中央纪委四次全会、自治区纪委十一届六次全会、来宾市纪委四届六次全会有关精神，并运用相关违纪典型案例开展了警示教育。",【图文】学校召开2020年纪委会
"发布日期：2020-06-15    作者：杨新士     来源：党委宣传部
        点击：",http://www.gxstnu.edu.cn/info/1024/10241.htm,"舞台上俊朗的形象，广播里洪亮的声音，教室内专注的神情，见面时自信的微笑……这是我校外国语学院2016级英语专业本科班学生王德健给人的良好印象。大学四年，可以说王德健赚得“盆满钵满”——顺利通过四六级考试，荣获“外研社杯”全国英语演讲大赛广西赛区二等奖、全国大学生英语竞赛B类二等奖、“外研社杯”全国英语翻译大赛三等奖，连续三届荣获学校英语演讲大赛一等奖，两次获得校长奖学金。在同学们的眼中，王德健就是“颜霸”兼“学霸”代言人，不仅有颜值更有才华，被同学们称为广西科师“江直树”。学弟学妹们说：“德健师兄，我们看到了你在整个大学阶段的优秀，你一直都是我们学习的榜样。”其实，王德健，不仅是平日里同学们学习的榜样，今年，他还成为学校里所有考研同学心中的榜样——他以优异的成绩考取了北方工业大学外国语言文学专业研究生！,翻开王德健的履历，他的大学生活丰富多彩，在校园广播台担任播音员，在校史馆担任解说员，在班级担任学习委员……在学校各大活动中都会出现他忙碌的身影。当谈起参加学校活动，他说：“我们做的每件事情都是成长路上的垫脚石，只要觉得对自己的成长有用，做事情的时候就不会觉得累。”“我在大学的四年之中，有超过一半的时间都在担任校园广播台播音员，大概每周都有两到三次播音的工作。刚开始做播音员的时候，因为广播节目都是直播，就会花很多时间来熟悉稿件，我尽量避免出现任何一个细微的播音事故。”王德健说，“做校园广播台播音员锻炼了我每天合理安排时间的能力，更加懂得提高效率的重要性，也培养了我认真负责的态度，对考研期间的学习和未来的发展来说，对我有很大帮助。”,王德健谈起在校史馆做解说员时说：“在校史馆，我从话筒前走到参观者面前，我更加注重自己的措词和言行举止。刚开始的时候，我比较拘束，担心自己出错给学校造成负面影响。于是更加夯实自己的业务知识，我发现每位来访的领导都非常亲切，从开始的拘束到逐渐变得游刃有余，把重心放在做好解说上面。在校史馆做解说的日子里，我与参观者的交流变得从容不迫，为考研的复试环节打下了很好的基础，对我帮助很大。在研究生复试的时候，我言语得体，表现得落落大方，注重礼仪，很好地发挥出了自己的水平，幸运地在面试中取得了专业第一名的好成绩。”,王德健说他从小就与英语结下了不解之缘。在谈起为什么选择考研，王德健说：“是对兴趣的延续，英语从童年开始就是我最喜欢的科目，我很希望能够掌握一门新的语言，并且进行深入的研究。随着学习的推进，我渐渐可以用另一种语言来思考，一种语言的背后是一个民族的思维逻辑，让我可以用英语的逻辑来体会英美文学的内涵，用英语的逻辑思维换个角度来看世界，就是这样点滴的兴趣转化为我无穷的动力，我也希望能尽快有一天将英语内化为自己的文化涵养。”当谈起考研择校时，他说：“从小对首都北京充满了无限的向往，在北京读书是自己梦寐以求的心愿，另一方面从现实角度来讲，从当前的就业趋势来看，本科生面临就业的压力越来越大，从大学开始就规划自己的考研之路，我们每个人都不是万能的，要学会发现自己的长处，努力提高自己的专业能力，把自己最大的优势发挥出来。”,王德健在大学期间，积极参加各种英语竞赛，通过在实践中提高自己的英语水平，在比赛中屡获佳绩，不断拓宽视野，也增强了自信心。除此之外，他还曾在中国甘蔗博览会中担任一位美国外宾的陪同翻译。在与外国友人的交流中，自己在象牙塔学习的知识，有了充分展示的机会。谈起学习，王德健有自己独到的见解，“学习英语不能只是沉溺于大量的题海中，要从发展的长远角度考虑，能够用英语流利表达和交流更加重要。我的微信消息列表里有五分之一都是英语的信息或语音，我很热衷于将每天学到的专业知识运用在我与外国朋友的交流中，也希望通过英语竞赛的形式将课本的知识转化实践的能力。”王德健说：“自己能够用英语熟练地表达与交流，这很大程度上得益于大学四年里沉浸式的英语学习环境。”,参加2018年“外研社杯”全国英语演讲大赛广西赛区决赛,在2017中国甘蔗机械化博览会（来宾）中担任翻译,在谈起如何处理参加校园文化活动和专业学习时，王德健说：“我并没有觉得参加活动会影响到我的专业学习，恰恰相反，都是对我学习英语的有益补充。专业学习可以支撑我的竞赛和播音主持水平提升。另一方面，英语的广泛实践可以激励我学习，使我更加感受到英语魅力，更加坚定了未来继续攻读英语专业研究生的决心。还有每天忙碌的校园文化生活锻炼了我对时间的合理分配，使我又好又快地完成每一项工作。为了督促自己在学习上多花心思，我一直担任我们班的学习委员，我当时的想法就是让这个职位给自己压力，随时提醒自己不能疏忽学业，全班同学都是我的监督者，也很感谢这样的监督和鞭策使我的学习成绩一直名列班级前茅。”他风趣地说：古人云‘鱼与熊掌不可兼得’，我认为，有时候是可以的。”,（左一）王德健主持庆祝建党96周年文艺晚会,（第二排右二）王德健担任文莱舞狮队志愿者,在确定了考研院校，王德健为了自己的理想坚持着，与之前热热闹闹的大学生活形成了巨大的反差。他每天开始了“三点一线”的生活，图书馆、宿舍、食堂就是他每天的行程，用他自己话说“考研期间换了一种活法。”在考研冲刺的日子里，他全身心的投入学习之中。在讲起复习考研经历时，王德健说，“既然选择了远方，便只顾风雨兼程。我当时给自己制定了每天的作息时间表和学习计划，整日伏案研读的滋味并不好受，为了心中的理想，吃苦算不得什么。一个月以后，我渐渐适应了考研复习的节奏，我还经常与指导老师、考研伙伴进行交流，让我获取了很多备考的技巧。,在谈起要留给学弟学妹们考研经验时，王德健说：“我最喜欢的一句格言是‘God helps those who help themselves’，天助自助者。学弟学妹们都是非常优秀的，相信他们会为我们的母校赢得更多的荣誉。大学也是人生中的一个分水岭，一样的起点，但会有不同的终点。希望各位学弟学妹们早日订立自己的目标，不要荒废四年光阴。如果你选择考研，那么你一定要能忍受孤独和寂寞，希望你能学会坚持，保持一颗平淡的心，用四年时间沉淀，待厚积薄发。,“可以说，自己很幸运，一路上要感谢的人实在是太多了，我能考研成功离不开领导老师的帮助。我们学院领导非常支持同学们考研，安排了我们考研的同学暂缓实习，还给每位同学安排一位指导老师，并在初试之前多次为同学们召开座谈会，详细了解我们的困难。让我们可以全身心投入到备考之中。”王德健多次这样提到学院里的领导老师。“很感谢母校和老师对我的辛勤培养，给我们提供各种平台，让我尽情的挥洒汗水，展现青春最亮丽的色彩。大学四年的时光，有太多太多值得留恋的美好回忆，广西科师已成为我的第二故乡，是我和许许多多学子扬帆远航的出发地，我会持续关注母校的发展，愿母校‘桃李满园扬四海，硕果累累振中华’。”对于母校的培养，王德健饱含深情地说。,“胸藏文墨怀若谷，腹有诗书气自华”。在与王德健交流中，他眼神充满坚毅和自信，把自己的大学课外生活与专业学习处理的井井有条、相得益彰，对时间有着合理的规划。每一个成功人士的背后都是不可复制的经历。他们虽然走在不同的道路上，却都有一个共同点，那就是知道自己想要什么，并且为之努力。这应是考研成功的秘诀所在。",【榜样人物】胸藏文墨怀若谷 腹有诗书气自华——记外国语学院王德健同学的成功考研之旅
"发布日期：2020-05-25    作者：滕祥臣     来源：科研管理处
        点击：",http://www.gxstnu.edu.cn/info/1024/10189.htm,"5月18日-24日，学校社科联在来宾校区、柳州北校区同时开展以“科学精准防疫，统筹推进疫情防控与经济社会发展”为主题的2020年广西社会科学普及活动周系列活动。,活动期间，学校社科联向师生发放防疫宣传手册，指导学校师生科学防疫、合力抗击疫情。同时，联合学校心理健康教育与研究中心开展心理健康教育宣传活动，印发《广西科技师范学院2020年春季学期大学生心理自助手册》，制作、宣传防疫心理动漫微视频，开展积极的心理干预。,为做好新冠肺炎疫情防控工作，有效减少社会科学普及活动线下大规模开展和人员密集流动，学校社科联还积极组织开展线上科普宣传活动，利用各种媒介宣传《广西壮族自治区社会科学普及条例》和组织教职工线上浏览2020年广西社会科学普及活动网上虚拟展馆。,通过此次科普周活动，引导师生以积极向上的心态参与到科学防控疫情当中，真正做到“科学防疫，你我同行”。同时，让更多的人学习社会科学、认识社会科学、参与普及社会科学。,活动现场",【图文】学校社科联组织开展2020年广西社会科学普及活动周系列活动
"发布日期：2020-05-25    作者：杨新士     来源：党委宣传部
        点击：",http://www.gxstnu.edu.cn/info/1024/10190.htm,"举世瞩目的中华人民共和国第十三届全国人民代表大会第三次会议和中国人民政治协商会议第十三届全国委员会第三次会议，分别于5月22日和5月21日在北京开幕。,我校师生热切关注全国“两会”的召开盛况，通过手机、电脑、电视等多种渠道了解两会进程、关注“两会”内容、学习“两会”精神，并结合自身工作学习实际，就会议话题展开热议。,党委组织部（统战部）统战科副科长韦贵方老师：“两会”的召开令人倍感振奋。李克强总理在作政府工作报告时说，我们要坚持和完善民族区域自治制度，支持少数民族和民族地区加快发展，铸牢中华民族共同体意识。今年年初，一场突如其来的疫情严重干扰了人民群众的生产生活，全国各族人民团结一心，以不同方式积极参与疫情防控，凝聚起坚不可摧的强大力量，这是中国特色社会主义民族政策优势的体现。作为一名民族地区的高校教师，我认为熟悉和掌握党的民族政策十分重要，在日常教学中应加强培育学生的中华民族共同体意识，为实现中华民族伟大复兴的中国梦筑牢思想基础。,文化与传播学院学生工作办公室副主任郑皓星老师：“两会”的召开令人振奋，这在一定程度上标志着我国取得了“战疫”的阶段性胜利。我个人特别关注“两会”中关于高校疫情防控和就业问题的讨论。今年“两会”把就业问题作为一个重要议题，是真正为人民考虑，同时对于青年大学生来讲，就业更是关系他们的前途命运，只有就业问题解决了，才能更好的实现经济发展目标，人民生活也会更加幸福安定。作为一名高校思想政治工作者，我将更加注重学生的思想引领，引导学生坚定理想信念，厚植爱国情怀，为学生做好各项服务和保障工作，为让更多毕业生落实就业贡献自己的一份力量！,体育学院辅导员李小龙老师：作为一名高校辅导员，我积极引导学生关注“两会”，认真组织学生学习“两会”精神，引领学生树立理想信念、培养各种本领、磨炼精神品格，努力做好学生成长成才的指引者和领路人，落实高校“立德树人”的根本任务，为培养有理想、有追求、有担当的青年大学生贡献力量。,学生工作处学生资助管理中心王永武老师：全国“两会”,万众期盼，世界瞩目！这是我们在疫情防控阻击战取得重大成果之际的盛会，也是我们在决胜全面小康、决战脱贫攻坚之际的盛会。在决胜全面小康之年，我认为大学生资助工作尤为重要。学生资助是一项重要的保民生、暖民心工程，事关教育公平，事关社会公平，事关全面建成小康社会。在这个疫情防控的特殊时期，我们要坚持以习近平新时代中国特色社会主义思想为指引，坚持以人民为中心的发展思想，积极推进精准资助和资助育人，为“不让一个学生因家庭经济困难而失学”提供坚实保障。,教育科学学院小学教育专业韦梦语同学：在这疫情防控的特殊时期，我们迎来了全国“两会”的召开。我与全国人民一样都热切关注着“两会”的进展和时事报道。当前，全国人民团结一心对抗疫情，让我深刻认识到中国制度的优越性，也感受到了中国的速度和强大，我心中充满着自豪感。作为一名当代大学生，我们要深知自己的时代责任和使命，要认真学习“两会”精神，学习好专业知识，提升自我，做一个事业有成的“追梦人”。,音乐与舞蹈学院音乐学专业潘富婧同学：今年的全国“两会”在特殊时期召开，我非常关注我国对于疫情防控作出的重大决策部署。自疫情暴发以来，举国上下深切感受到以习近平同志为核心的党中央对人民群众的生命安全和身体健康高度负责的态度。全国的医护工作者奋战在抗击疫情第一线，铸造了疫情防控的“钢铁长城”。举国上下的努力有了收获，我国的新冠肺炎疫情基本得到了有效控制。作为大学生的我们，应该成为抗击疫情的践行者，抵制谣言的守护者，为全面打赢这场疫情防控阻击战奉献自己的力量。,外国语学院英语教育专业张嘉怡同学：新冠肺炎疫情使“两会”延至初夏，但它依然牵动全国人民的殷切目光。幸福是奋斗出来的。在新的起点上，作为新青年的我们，一定要不忘初心，继续前进，以习近平新时代中国特色社会主义思想为指导，披荆斩棘，努力奋斗，继续追逐我们的梦想，成为新时代的追梦人。,外国语学院英语教育专业陈宇洁同学：在特殊时期召开的“两会”，我尤其关注疫情防控。有关科研人员认为，新冠肺炎疫情或将长期存在，可能在局部地区流行,要做好打“持久战”的准备。作为大学生的我们，虽然不需要冒着生命危险奋战在疫情防控的一线，但一定要认真学习，加强自我防护，全力支持疫情防控工作。,食品与生化学工程学院化学教育专业张文婷同学：特殊的背景，特殊的节点，“两会”使命中不变的是人民情怀。“两会”开幕，委员们集体肃立，为在新冠肺炎疫情中牺牲的烈士和逝世同胞默哀一分钟。这一分钟的默哀，是对逝者的缅怀，对生命的敬畏，更是以人民为中心的体现。在“两会”上，此时的人民是“阅卷官”，“两会”上倾听人民的心声，确立人民标尺，接受人民监督，向人民交上一份满意的答卷。我相信中国共产党的领导下和全国人民的共同努力下，中国一定会越来越强大。",【图文】我校师生热议2020年全国“两会”
"发布日期：2020-05-27    作者：侯雄     来源：后勤管理与基本建设处
        点击：",http://www.gxstnu.edu.cn/info/1024/10192.htm,"5月26日上午，蓝海副校长在科教楼6楼会议室主持召开国债项目推进会。后勤管理与基本建设处、审计与督查处、发展规划与学科建设处、国有资产管理处等部门负责人参加会议。,会上，蓝海副校长认真听取了各相关部门负责人对大学生服务中心、来宾校区学生宿舍、留学生公寓以及柳州校区校舍维修等国债项目的工程进度情况、项目推进过程中所遇到的困难。,蓝海副校长在会上肯定了各部门在项目推进中所做的努力，同时，指出项目工程前期工作存在的差距和不足。蓝副校长强调，要以问题为导向，加快推进工作落实，强化流程管理，聚焦规划、审计、招标、开工等关键环节，做到多沟通、多协调、多争取市直部门的支持，力争项目工程早日开工建设。,会议现场",【图文】蓝海副校长主持召开国债项目推进会
"发布日期：2020-05-27    作者：杨琪     来源：党委宣传部
        点击：",http://www.gxstnu.edu.cn/info/1024/10193.htm,"5月27日上午，学校在科教楼七楼会议室召开“三全育人”工作推进会，检查和督促各有关部门认真抓好课程、科研、实践、文化、网络、心理、管理、服务、资助、组织等十个方面育人工作。学校党委书记陈贵英出席会议并讲话，副校长梁梅主持会议。,会议现场,会上，教务处、马克思主义学院、校团委3个单位负责人作交流发言，介绍推进课程思政建设、思政课程建设、文化育人等方面的工作经验。党委办公室、组织部、宣传部、学生工作部、科研管理处、后勤管理与基本建设处、心理健康教育与研究中心、实验实训中心等8个单位负责人分别就所牵头的育人工作进展、成效、存在问题及下一步工作打算进行了汇报。党委宣传部作为学校“三全育人”工作领导小组办公室，在会上汇报了学校推动“三全育人”工作中存在的不足和问题。,陈贵英书记在讲话中指出，“三全育人”综合改革方案出台以来，各相关单位较好地履行责任，各项工作取得了一定的成效，并指出工作中在协调配合、上下贯通、方式方法等方面存在的问题。就下一步我校的“三全育人”工作，陈书记强调，一要提高政治站位，切实增强做好“三全育人”工作的政治自觉、思想自觉、行动自觉；二要强化责任担当，确保“三全育人”工作落实落地；三要加强工作协调，深入推动“三全育人”工作常态化、见成效；四要尽快推进二级学院“三全育人”工作，形成完整的育人体系和良好的育人环境，确保“三全育人”工作不断取得新的成果。",【图文】学校召开“三全育人”工作推进会
"发布日期：2020-05-28    作者：     来源：党委宣传部
        点击：",http://www.gxstnu.edu.cn/info/1024/10194.htm,"5月28日，学校党委召开会议，传达学习习近平总书记对毛南族实现整族脱贫重要指示精神，学习自治区党委书记鹿心社、自治区主席陈武的讲话精神，校领导陈贵英、张鹏、吴江萍、陈翔、蓝海、梁梅、胡国强及党委委员陆茂、张庆武、潘兴明参加会议。学校党委书记陈贵英主持会议。,会上，陈贵英书记在传达学习时指出，近日，习近平总书记对毛南族实现整族脱贫作出重要指示，指出全面建成小康社会，一个民族都不能少。希望乡亲们把脱贫作为奔向更加美好新生活的新起点，再接再厉，继续奋斗，让日子越过越红火。习近平总书记强调，当前，脱贫攻坚已经到了决战决胜的关键时期，越到紧要关头越要坚定信心、真抓实干。各级党委和政府要坚定不移把党中央决策部署落实好，克服新冠肺炎疫情带来的影响，集中力量啃下脱贫硬骨头，多措并举巩固成果，确保高质量完成脱贫攻坚目标任务，奋力夺取脱贫攻坚战全面胜利。,会议还组织学习自治区党委书记、自治区人大常委会主任鹿心社，自治区党委副书记、自治区主席陈武分别就深入贯彻落实习近平总书记重要指示精神提出的要求。,毛南族是我国28个人口较少民族之一，广西环江县是国家扶贫开发工作重点县，也是全国唯一的毛南族自治县，全县有毛南族6.45万人，占全国毛南族总人口的约70%。2019年底，环江县贫困发生率降至1.48%。2020年5月，环江县退出贫困县序列。,                                                                          会议现场",【图文】学校党委传达学习习近平总书记对毛南族实现整族脱贫重要指示精神
"发布日期：2020-05-02    作者：杨新士     来源：党委宣传部
        点击：",http://www.gxstnu.edu.cn/info/1024/10119.htm,"5月2日，学校领导陈贵英、张鹏、吴江萍、陈翔、蓝海，在相关部门和学院负责人陪同下，分头深入来宾校区和柳州校区学生宿舍看望返校的非毕业年级学生。,在学生宿舍，校领导与同学们亲切交谈，询问大家返校路途防护、假期学习、返校的感受、学业规划等各方面情况，叮嘱同学们加强自我防护，注意身体健康，保持良好的学习生活规律，严格遵守校规校纪和疫情防控期间校园封闭管理规定。并向学生赠送学校的“返校健康礼包”。,陈贵英书记在来宾校区学生宿舍与同学们亲切交谈,陈贵英书记给返校学生送“返校健康礼包”,张鹏校长到柳州校区学生宿舍看望返校学生,张鹏校长给返校学生送“返校健康礼包”,同学们对学校领导和老师的关心表示感谢，表示要严格遵守学校的各项规定和要求，做好防护，认真学习，不辜负学校领导的殷切希望。",【防控疫情】学校领导深入学生宿舍看望返校非毕业年级学生
"发布日期：2020-05-04    作者：杨新士     来源：党委宣传部
        点击：",http://www.gxstnu.edu.cn/info/1024/10126.htm,"5月4日是我校2020年春季学期学生返校后开展课堂教学的第一天，学校领导陈贵英、张鹏、吴江萍、陈翔、蓝海、梁梅、李栋学、胡国强，在相关部门负责人陪同下，分别深入教室检查指导课堂教学情况及疫情防控工作。,学校党委书记陈贵英、校长张鹏等校领导对教师授课、学生出勤、课堂纪律、教学秩序及课堂疫情防控各个环节的管理情况进行全面检查，并随堂听课。同时，对各二级学院和相关部门提出要求。一是进一步加强学生日常管理和服务，及时解决开学过程中遇到的各种困难和问题，确保教学工作有序进行；二是做好线上教学与课堂教学的衔接工作，确保教学质量不断提升；三是各学院各部门要进一步提高政治站位，坚持疫情防控和教育教学工作两手抓、两手硬，特别是疫情防控工作要做到不麻痹、不松劲，确保师生的生命安全和身体健康。,陈贵英书记检查上课情况,张鹏校长随堂听课,从检查情况看，开学返校课堂教学第一天，我校教学工作运行良好，教师教学准备充分、学生到课率高、教学保障措施到位、疫情防控措施有力，师生展现了良好的精神面貌。",【图文】学校领导检查新学期学生返校后第一天上课情况
"发布日期：2020-05-08    作者：杨新士     来源：党委宣传部
        点击：",http://www.gxstnu.edu.cn/info/1024/10141.htm,"5月8日上午，广西警察学院校长助理谭建华一行5人到我校交流访问。学校在科教楼6楼会议室举行交流座谈会，梁梅副校长以及相关部门负责人与客人在座谈会上交流学习。,梁梅副校长对谭建华一行到来表示热烈欢迎，并简要介绍了我校办学历史、办学特色和近年来建设发展取得的成就。双方重点就专业技术岗位设置与聘用的经验与做法进行深入的交流。,座谈会现场",【图文】广西警察学院校长助理谭建华一行到我校交流座谈
"发布日期：2020-05-08    作者：韦清燕     来源：科研管理处
        点击：",http://www.gxstnu.edu.cn/info/1024/10139.htm,"5月7日，学校自治区级重大科研平台（项目）建设工作会在科教楼6楼会议室召开。学校党委副书记陈翔、副校长李栋学及相关科研平台（项目）负责人、项目主要成员、相关学院负责人，科研管理处全体人员参会。会议由李栋学副校长主持。,会议现场,会上，“广西金秀大瑶山瑶族文化研究基地”“广西机器人高新技术企业孵化中心建设”“广西糖资源工程技术研究中心培育建设”“广西无机材料绿色制备与应用重点实验室”等4个自治区级科研平台（项目）负责人，从平台（项目）建设成效、存在问题和下一步工作计划进行汇报。“广西机器人高新技术企业孵化中心建设”和“广西糖资源工程技术研究中心培育建设”负责人还重点汇报了今年验收的准备情况。李栋学副校长分别对4个自治区级科研平台（项目）逐一进行了点评，提出建设期应该注意的问题和对策。李副校长要求，科研平台（项目）建设要做到不能与产业脱节、不能与学科教学脱节、不能与团队建设脱节、不能与建设周期脱节。,陈翔副书记强调，科研平台（项目）建设要紧扣学校学科建设，立足服务地方经济社会发展，项目负责人要准确理解上级文件精神，加强特色凝炼，打造亮点，挖掘有效资源，积极推动平台（项目）建设再上新台阶。",【图文】学校召开自治区级重大科研平台（项目）建设工作会
"发布日期：2020-05-12    作者：覃家璇     来源：国有资产管理处
        点击：",http://www.gxstnu.edu.cn/info/1024/10146.htm,"5月11日，北京师范大学出版集团向我校捐赠一次性医用防护口罩9000只并运抵来宾校区。,爱心捐赠仪式在我校科教楼前广场举行，北京师范大学出版集团区域经理刘庆，学校教务处处长林翠英、国有资产管理处副处长李进康参加捐赠仪式，并向北京师范大学出版集团致以感谢信。,勠力同心，共克时艰。北京师范大学出版集团此次给我校捐赠一次性医用防护口罩，缓解了我校开学后防疫物资缺乏的状况，为我校抗击疫情和维护正常教学提供了物资保障，同时也密切了校企双方的联系，为学校最终打赢抗击疫情攻坚战和圆满完成学期教学工作任务增添了信心与力量。",【防控疫情】北京师范大学出版集团向我校捐赠防疫物资
"发布日期：2020-05-01    作者：文：杨新士 图:林文强、杨新士、覃维英、王伟、王永武、王志永     来源：党委宣传部
        点击：",http://www.gxstnu.edu.cn/info/1024/10114.htm,"根据学校统一安排，在毕业年级学生已经顺利返校复学、进入正常的学习轨道之后，4月30日至5月2日，我校2020年春季学期非毕业年级学生分期分批有序错峰返校复学。学校党委、行政高度重视学生返校复学工作，多次召开非毕业年级学生返校工作部署会，细化工作要求，强化责任落实，确保学生返校复学工作平稳有序进行。,4月30日下午，学校党委书记陈贵英、校党委副书记陈翔率领相关部门负责人到来宾火车北站、校门口检查指导非毕业年级学生返校复学工作。5月1日上午，校长张鹏、副校长蓝海率队到柳州火车站、柳州校区检查指导学生返校复学工作。校领导要求各有关部门坚持把学生的生命安全和身体健康放在首位，严格按照工作流程抓好各环节工作。同时，叮嘱同学们按照学校要求，认真做好个人防护，自觉遵守校园封闭管理规定，以积极向上的心态投身新学期的学习生活。,陈贵英书记、陈翔副书记在来宾北站检查指导学生返校复学工作,张鹏校长、蓝海副校长在柳州火车站检查指导学生返校复学工作,张鹏校长、蓝海副校长在柳州校区检查指导学生返校复学工作,学校在来宾和柳州火车站、汽车站、两校区大门口设置设置了接驳点，并在车站安排专车接学生返校。学校工作人员严格执行扫码核验、测量体温、手部消毒、行李消毒、更换新口罩等工作流程，引导学生按照指定的单向路线井然有序地上车和进入校园，并指导学生进行科学防护，以贴心、热情的工作态度迎接每一位学生顺利返校。,行李消毒,返校学生扫码,测量体温,更换口罩,核验信息,登记信息,有序候车,志愿者引领学生排队上车,上学校接站专车,上车洗手消毒,按指定座位就坐,学生顺利到校,来宾校区校门口接驳点,学生登记信息,学生进入宿舍扫码测温,学生安全有序归来，昔日安静的校园恢复了生机活力。",【防控疫情】我校非毕业年级学生有序返校
"发布日期：2020-04-30    作者：文：程茂华 图：杨新士     来源：发展规划与学科建设处
        点击：",http://www.gxstnu.edu.cn/info/1024/10113.htm,"4月29日，学校学位评定委员会主席、校长张鹏在科教楼7楼会议室主持召开学校学位评定委员会会议。学位评定委员会全体委员参会，教学质量监控与评估处和机械与电气工程学院负责人列席。,全体与会人员对我校艺术教育、英语、电气工程及其自动化、财务管理、物流管理等5个专业进行新增学士学位授权评议和审核。各位委员逐一对各专业的申报材料和汇报进行评议，提出注意事项和修改意见。经表决，5个专业均全票通过审核。,张鹏校长指出，新增授权专业的审核是学校不断强化内涵建设、提高教学质量、突出专业特色、培养优秀人才，不断加快建设合格本科院校步伐的一个检验，这五个专业以及学校其他专业在今后的建设和发展中一定要坚定自信、认识不足，多向其他高校学习，努力推动学校学科专业的内涵建设。,会议现场",【图文】张鹏校长主持召开学校学位评定委员会会议
"发布日期：2020-05-04    作者：韦贵方     来源：党委组织部
        点击：",http://www.gxstnu.edu.cn/info/1024/10120.htm,"4月30日凌晨，我校定点帮扶的融水苗族自治县拱洞乡洋鸟村列令屯发生火灾，数十间民房被烧毁，当地群众遭受重大的损失。学校闻悉后，迅速作出反应，并采取行动。学校党委书记陈贵英、校长张鹏指示有关部门与我校驻该村党组织第一书记联系，了解受灾情况。,4月30日上午，学校党委召开会议研究了救灾事宜，决定发挥学校帮扶后盾单位作用，尽力帮助洋鸟村抢灾救灾。,5月1日，学校党委委员、组织部部长张庆武，马克思主义学院副院长邓小明代表学校将一批应急救灾物资送到洋鸟村列令屯，并分发到受灾群众手中。学校此次捐赠的物资包括受灾群众急需的大米、食用油、方便面、水桶等，价值约3万元。,大火无情，人间有爱。当前，学校号召师生积极捐款捐物，大力支持洋鸟村列令屯受灾群众尽快恢复生活和生产。",【图文】大火无情 人间有爱——我校向融水县洋鸟村捐赠救灾物资
"发布日期：2020-05-12    作者：李浩     来源：
        点击：",http://www.gxstnu.edu.cn/info/1024/10148.htm,"5月11日下午，机关党委理论学习中心组在科教楼八楼会议室举行理论学习中心组集中学习研讨会，学习主题为习近平新时代中国特色社会主义思想的基本精神、基本内容、基本要求和习近平总书记关于扶贫工作的重要论述。会议由机关党委书记张庆武主持，机关党委委员、各机关支部书记（主持工作副书记）参加会议。,会上，机关党委理论学习中心组成员陈忠、覃任宁、李浩3位同志结合工作实际作了中心发言。党员同志们围绕习近平新时代中国特色社会主义思想的重大意义、历史方位、深刻内涵等方面交流学习体会，深刻认识到长期坚持习近平新时代中国特色社会主义思想的重要性，在工作中要树牢“四个意识”，坚定“四个自信”，做到“两个维护”，主动担当，积极作为。,会议现场,机关党委还指导各支部结合学校帮扶的贫困村开展系列党建等相关工作。",【图文】学校机关党委理论学习中心组举行第一次集中学习研讨会
"发布日期：2020-05-13    作者：韦贵方     来源：党委组织部
        点击：",http://www.gxstnu.edu.cn/info/1024/10149.htm,"5月8日，学校党委组织部、校工会、校团委等有关同志将我校广大师生的爱心捐款6万多元及一批生活用品送到了洋鸟村受灾群众手中，有效缓解了受灾群众的生产生活压力。,自我校定点帮扶的融水县拱洞乡洋鸟村发生火灾以来，受灾群众的生产生活情况始终牵动我校广大师生的心。在学校发出捐款捐物的倡议后，广大师生们积极响应，慷慨解囊，奉献爱心，自愿为受灾群众捐款捐物。据统计，此次我校师生共为受灾群众捐款62000余元，捐赠衣服等物品共计4200多件。,“赠人玫瑰，手留余香”，我校师生积极参与捐款捐物活动，是弘扬和传承乐善好施、助人为乐、奉献爱心的中华民族传统美德的生动体现，也是我校师生以实际行动支持全面打赢脱贫攻坚战的具体体现。",【图文】我校师生积极为融水县洋鸟村受灾群众捐款捐物
"发布日期：2020-05-13    作者：刘朝霞     来源：广西纪检监察网
        点击：",http://www.gxstnu.edu.cn/info/1024/10150.htm,"新冠肺炎疫情防控工作开展以来，广西科技师范学院纪委立足监督执纪问责职能，力行三督九查，压实防控责任，为打赢疫情防控阻击战提供坚强纪法保障。,学院纪委积极履行监督职能，主动加强与审计督察处等部门的沟通与协作，聚焦“疫情防控重大决策部署落实情况、责任落实情况、联控工作机制运行情况”等几大方面，采取明察暗访、不定期抽查、专项检查等方式，对全校26个行政部门、12个学院深入开展“三督九查”。督责任落实情况，查防控工作组织推进、党组织和党员先锋作用发挥、职能监管等履职尽责情况；督措施落地情况，查人员底数、物资保障、监测救治等防控到位情况；督纪律作风情况，查推诿扯皮、敷衍塞责、阳奉阴违等违反政治纪律问题，不担当、不作为、走过场等形式主义、官僚主义问题，失职渎职、贪污挪用等违纪违法问题，对发现的苗头性倾向性问题当场反馈，要求整改到位，并予以通报批评。,据统计，1月27日至今，学校纪委开展明察暗访30余次，专项督查4次，向学校疫情防控指挥部书面报告督查检查情况13次。发现履行疫情报告审批手续不严、迟报、错报、防控和医疗救治物资不到位、进出校园管控不严、人员底数摸排不细等问题8个，通报批评5次，涉及部门21个，起到了很好的警示效果。此外，学校纪委及时督促并指导疫情防控有关工作组制定新冠肺炎疫情防控工作期间学生违纪处分办法等规章制度，全力压实防控责任，将“人盯人”落到实处。 （广西科技师范学院纪委 刘朝霞）",【转载广西纪检监察网报道】广西科技师范学院纪委：力行三督九查 压实防控责任
"发布日期：2020-05-13    作者：文：杨新士 图：林文强     来源：党委宣传部
        点击：",http://www.gxstnu.edu.cn/info/1024/10151.htm,"5月12日下午，学校在图书馆学术报告厅召开2020年党建与思想政治工作会议。学校党委书记陈贵英，校党委副书记、校长张鹏，校党委副书记、纪委书记吴江萍，校党委副书记陈翔，党委办公室、纪检监察室、党委组织部、党委宣传部全体成员，党委学工部、党委武装部、党委教师工作部、离退休工作处、校工会、校团委负责人，各二级学院党组织书记、副书记，各党支部书记及全体辅导员参加会议。会议由校党委副书记、校长张鹏主持。,会议现场,陈贵英书记在会上对2019年学校党建和思想政治工作进行了总结回顾，既肯定了成绩，又指出了存在的问题和不足。陈书记指出，2019年学校坚持以习近平新时代中国特色社会主义思想为指导，围绕立德树人根本任务，加强和改进党对学校工作的领导，坚持党委领导下的校长负责制，充分发挥学校党委的领导核心作用，在“不忘初心、牢记使命”主题教育、领导班子和干部队伍建设、基层党组织建设、意识形态阵地建设、思想政治工作、党风廉政建设、统战工作等方面都取得了显著成绩。同时，陈书记明确指出学校党建和思想政治工作存在的问题和不足，并一一分析主要原因。,陈书记在会上指出，2020年是全面建成小康社会之年、是实现第一个百年奋斗目标的决胜之年、是“十三五”规划的收官之年、也是学校迎接本科教学评估的关键之年，做好党建和思想政治工作，为学校高质量发展提供政治保障具有十分重要的意义。就2020年学校党建和思想政治工作，陈书记强调，,抓好宣传思想和意识形态工作。要强化思想引领，筑牢意识形态阵地，注重选树身边先进典型，弘扬主旋律，传播好中国声音，讲好科师故事。,抓好基层党建工作。要压实党建工作责任，健全议事决策机制，建强党支部，优化基层党建内容，发挥基层党组织示范引领作用。,抓好思想政治工作。要深入推进“三全育人”综合改革，大力推进思政课改革创新，构建课程思政协同育人机制，加强网络思政教育，抓好师德师风建设。,抓好党风廉政建设工作。要开展廉政警示教育，提高党员干部的思想认识和拒腐防变能力，对违纪违规行为严格追责问责。,抓好干部队伍建设。要贯彻新时代党的组织路线，着眼学校发展需要，建设忠诚干净担当的高素质专业化干部队伍。,深入开展党建促脱贫工作。要发挥学校优势，助力学校定点帮扶贫困村2020年全部实现脱贫摘帽目标。,加强统战工作领导。要加强对党外知识分子政治引领、价值引领和事业引领。,校党委书记陈贵英讲话,张鹏校长就贯彻落实学校党建和思想政治工作会议精神时强调，各级党组织和党员干部要认真学习领会，迅速传达会议精神，在具体工作中抓好落实；要找准定位，突出重点抓好学校党建和思想政治工作；督查部门要强化督查，跟踪问效抓好落实。,张鹏校长主持会议",【图文】学校召开2020年党建与思想政治工作会议
"发布日期：2020-05-13    作者：韦清燕     来源：科研管理处
        点击：",http://www.gxstnu.edu.cn/info/1024/10155.htm,"5月13日上午，来宾市科学技术局副局长、党组成员刘红英一行3人就“十三五”广西科技计划项目申报相关事宜到我校科研管理处开展交流活动。双方在科教楼8楼会议室进行了座谈，科研管理处覃逸明处长、副处长赖家胜以及科室负责人参加会议。,座谈会现场,会上，来宾市科技局领导在会上详细解读了“十三五”广西科技计划项目申报指南和申报须知，并结合来宾市经济产业发展的实际情况对本次申报工作的侧重点和注意事项作了说明。赖家胜副处长向市科技局领导汇报了我校近年来申报广西科技计划项目的有关情况和本年度广西科技计划项目组织申报工作。覃逸明处长强调广西科技项目作为学校科研工作的重要内容之一，全力抓好抓实，并希望继续得到市局领导的指导和大力支持。,刘红英副局长对我校科技工作取得的成绩给予肯定，表示将继续加大市校合作，加强沟通交流，积极推动我校科技服务地方经济发展。",【图文】来宾市科技局到我校科研管理处开展工作交流
"发布日期：2020-05-15    作者：杨新士     来源：党委宣传部
        点击：",http://www.gxstnu.edu.cn/info/1024/10162.htm,"5月15日下午，柳州市工人医院李兵院长一行3人来我校洽谈合作事宜。我校在科教楼七楼会议室举行校企合作洽谈会。校长张鹏、副校长蓝海出席会议，相关单位负责人参加了会议。,洽谈会现场,会上，张鹏校长对李兵院长一行来访表示热烈欢迎。李兵院长介绍了柳州市工人医院的基本情况，张鹏校长简要介绍了我校的办学历史、办学规模、办学特色等情况。学校与医院双方就疫情联防联控、互联网医院、医疗联合体等方面拟开展合作的有关事宜进行了讨论。,张鹏校长讲话,柳州市工人医院李兵院长讲话",【图文】学校与柳州市工人医院举行合作洽谈会
"发布日期：2020-05-13    作者：罗钰娴     来源：校团委
        点击：",http://www.gxstnu.edu.cn/info/1024/10157.htm,近日，根据《共青团广西区委关于公布2020 年广西高校共青团“第二课堂成绩单”精品课程立项项目名单的通知》（桂青联发〔2020〕8 号）文件，我校莫志慧老师申报的项目《大美工坊炫彩青春》获得广西高校共青团“第二课堂成绩单”精品课程立项。,喜讯：我校获2020 年广西高校共青团“第二课堂成绩单”精品课程立项
"发布日期：2020-05-16    作者：杨琪     来源：党委宣传部
        点击：",http://www.gxstnu.edu.cn/info/1024/10164.htm,"5月15日，学校在科教楼七楼会议室举行党委中心组集中理论学习会，校领导陈贵英、张鹏、吴江萍、陈翔、蓝海、梁梅、李栋学、胡国强及全体中心组成员参加学习会。会议由党委书记陈贵英主持。,会议现场,本次理论学习会围绕“习近平新时代中国特色社会主义思想的基本精神、基本内容、基本要求和习近平总书记关于疫情防控工作系列重要讲话、重要指示精神”主题展开学习。陈贵英书记组织学习了《习近平新时代中国特色社会主义思想是党和国家必须长期坚持的指导思想》等篇目；党委宣传部部长潘兴明带领与会人员学习了习近平总书记关于疫情防控工作系列重要讲话和重要指示精神。全体参会人员共同观看了自治区党委宣传部精心制作的意识形态教育片《思想的力量——如何做好意识形态工作》。,校党委副书记陈翔以“防范化解风险挑战 维护意识形态安全”为题，副校长蓝海以“慎终如始，做好常态化疫情防控工作”，纪检监察室主任陆茂以“加强监督，推进学校防疫工作措施落到实处”为题，党委宣传部部长潘兴明以“让抗疫精神成为迎接合格评估推动转型发展的精神动能”为题，依次作中心发言。,陈贵英书记在会上讲话，她指出，一是做好疫情防控工作仍然是当前工作的重中之重，防控措施不能有丝毫松懈。要学懂弄通习近平总书记关于疫情防控工作系列重要讲话和重要指示精神，抓紧抓实学校疫情防控工作，同时根据上级有关文件精神动态调整防控措施。二要把意识形态工作摆在更加重要的位置。意识形态工作是党的一项极端重要的工作，高校意识形态工作处于前沿阵地尤其需要高度重视。要教育引导师生从抗击疫情工作中看到社会主义制度的优越性，树立正确的人生观、价值观、世界观。三要统筹推进常态化疫情防控工作和学校日常工作。毫不放松绷紧常态化疫情防控工作这根弦，同时做好学科建设、教学科研、毕业生就业等日常工作，确保学校各项工作有序开展。",【图文】学校召开党委中心组理论学习会
"发布日期：2020-04-16    作者：杨琪     来源：党委宣传部
        点击：",http://www.gxstnu.edu.cn/info/1024/10071.htm,"4月15日上午，我校组织参加全区高校开学工作视频调度会议。自治区人民政府副主席黄俊华、自治区教育厅厅长唐咸仅出席会议。根据会议要求，我校在来宾校区科教楼九楼视频会议室设分会场，校领导陈贵英、张鹏、吴江萍、陈翔、蓝海、梁梅、胡国强，学校疫情防控工作领导小组成员及相关部门负责人参加会议。,会议现场,就如何做好开学准备工作，黄俊华副主席要求：一要加强学生心理疏导，减少疫情对学生可能造成的心理问题和负面影响。全面排查学生心理情况，跟踪辅导，做到早发现、早辅导、早防范；加强学生的心理健康服务和心理健康干预，通过各种渠道，宣传心理健康防护知识。二要抓紧查缺补漏，扎实做好开学前各项准备工作。做好防控物资准备和临时隔离观察区域的设置，明确各部门职责，采取推演和实地演练相结合方式，确保发生突发事件时有序地处置；开展一次安全隐患大排查，做好防控的同时不能忽视其他安全问题。三要严格落实人盯人，做好湖北及武汉返回师生等重点人群健康管理服务工作。高度重视师生跨省流动带来的风险，摸清在外地特别是湖北武汉等师生情况，做到精准排查，精准管控，精准服务，确保不漏一人。四要提前统筹谋划，做好开学后教学安排工作。做好线上线下教学的衔接，及时做好线上教学的评估，在评估基础上合理安排春季学期教学计划；统筹做好毕业论文答辩和就业服务工作，根据实际情况合理调整、优化学位论文送审、答辩和学位授予的时间、方式和流程，大力开拓就业渠道，鼓励学生到基层就业。五要加强沟通协调，确保学校开学安全有序。要压紧压实责任，落实主体责任，强化组织领导，建立健全疫情防控体系；要加强部门联动，完善联防联控机制；要做好宣传引导，充分发挥媒体功能，大力宣传疫情防控知识、教育教学安排等情况。,会议现场,柳州市教育局、广西财经学院、广西职业技术学院、广西华侨学校等四个单位代表依次作交流发言。,视频会议结束后，我校就贯彻落实视会议精神、做好开学准备工作召开推进工作会议。,学校党委书记陈贵英强调，要认真学习贯彻黄俊华副主席的讲话精神，做实做细学校疫情防控和开学准备工作。一是按照会议精神完善细化方案。注重要抓好学生返校途中戴口罩和图书馆、体育馆、校园超市错峰限流等细致的工作。二是高度重视学生心理疏导工作。完善心理中心、辅导员、学生的联动机制，落实心理咨询老师值班制度，随时做好为学生心理咨询、疏导和干预工作。三是继续实行毕业生就业工作“一把手工程”，学工部门、二级学院要强化措施，切实做好毕业生就业指导与服务工作。",【防控疫情】我校组织参加全区高校开学工作视频调度会议
"发布日期：2020-04-19    作者：新华社记者 黄孝邦     来源：新华网
        点击：",http://www.gxstnu.edu.cn/info/1024/10076.htm,"                           在党鸠村桂黔乌英苗寨大枫树下，梁孟香在培训公开课上讲课。,1999年10月出生的梁孟香，是广西融水苗族自治县杆洞乡党鸠村的一位苗族姑娘，目前就读于广西科技师范学院。在新冠肺炎疫情期间的这个漫长假期，梁孟香受聘为“双语助脱贫”课外辅导员，为妈妈这一辈的妇女们培训普通话。,                     在党鸠村桂黔乌英苗寨妇女普通话培训班上，梁孟香结合防火知识给妇女上课。,党鸠村是一个偏远的深度贫困村，40岁以上的妇女几乎没上过学，语言障碍曾经是造成贫困的一个重要原因。随着免费义务教育的普及、农村义务教育学生营养改善计划的实施等一系列教育惠民政策的全面落实，当地女童已能享受到良好的教育。梁孟香和身边的很多小伙伴都考上了大学。,                                         在田间育秧结束后，梁孟香走在回家的路上。,梁孟香的妈妈吴妹约没有读过书，但她知道知识的重要。尽管家庭经济困难，她和丈夫还是辛勤劳动，咬牙坚持供孩子上大学。 今年2月份以来，党鸠村的部分妇女迎来了“上学”的机会。柳州市民宗委和融水苗族自治县妇联在党鸠村桂黔乌英苗寨试点举办“双语双向”普通话培训班，聘请返乡的大中学生为辅导员，为部分留守妇女提供普通话培训。,                                                    梁孟香和妈妈在绣苗衣,梁孟香积极报名参与，受聘成为一名“双语助脱贫”课外辅导员。这是梁孟香第一次走上讲台参与社会实践。能为家乡的脱贫攻坚尽一份力，她觉得特别有意义，身边也不断有大学生加入辅导员队伍中来。 梁孟香说：“看到她们每天进步一点点，我特别骄傲，希望有越来越多的‘新同学’加入培训班，学会讲普通话，为今后学习更多的知识打下基础。”,                   党鸠村村支书梁成张（右）给梁孟香颁发“双语助脱贫”课外辅导员聘书。,                         在党鸠村桂黔乌英苗寨妇女普通话培训班上，妇女们在听梁孟香讲课。,                               在党鸠村桂黔乌英苗寨妇女普通话培训班上，梁孟香在上课。,                          在党鸠村桂黔乌英苗寨，梁孟香（右）和小伙伴在公开课前备课。,                                    这是广西融水苗族自治县杆洞乡党鸠村。,                           在党鸠村桂黔乌英苗寨妇女普通话培训班上，梁孟香在上课。,                                                    梁孟香在家里上网课。,                           在党鸠村桂黔乌英苗寨大枫树下，梁孟香在培训公开课上讲课。,                             在党鸠村桂黔乌英苗寨大枫树下，梁孟香在培训公开课上讲课。,                       在党鸠村桂黔乌英苗寨大枫树下，梁孟香（左一）在培训公开课上讲课。",【转载新华网报道】苗山脱贫影像志——一位女大学生的特殊假期课堂
"发布日期：2020-04-20    作者：教务处     来源：林翠英
        点击：",http://www.gxstnu.edu.cn/info/1024/10077.htm,4月15日，自治区教育厅公布了2019年广西基础教育自治区级教学成果奖获奖名单，我校佘少华教授主持的《农村小学心理健康教育课“体验式”教学改革的探索与实践》成果荣获一等奖，雷文彪副教授主持的《基于瑶族文化传承的民族地区中小学文化育人模式的探讨与实践》成果荣获二等奖。这标志着我校基础教育教学改革迈出了新的步伐、取得了新的突破。,喜讯：我校在2019年广西基础教育教学成果奖中喜获佳绩
"发布日期：2020-04-21    作者：李明娟     来源：外国语学院
        点击：",http://www.gxstnu.edu.cn/info/1024/10078.htm,"4月20日下午，胡国强总会计师到外国语学院检查指导开学返校工作。外国语学院院长吴文亮、党委书记高崇毅等学院领导参加座谈会。,会上，胡总会计师听取了外国语学院学生返校情况的汇报。他强调，学院一定要做好返校学生的管理服务工作，关注学生的身体健康和心理健康，做好学生的思想工作。胡总会计师指出，要进一步提高思想认识，压紧压实工作责任，切实把师生的生命安全和身体健康放在首位，严格落实各项疫情防控措施。学院全体教职工和学生要熟悉掌握学校应急处置预案及流程图。学生返校后，要做好个人防护和宿舍卫生安全等工作，学院领导班子和全体师生要提高疫情防控意识，做好做细日常防控工作。,座谈会现场",【防控疫情】胡国强总会计师到外国语学院检查指导开学返校工作
"发布日期：2020-04-23    作者：文：杨新士/图：杨琪、杨新士、曾崇     来源：党委宣传部
        点击：",http://www.gxstnu.edu.cn/info/1024/10082.htm,"经历了漫长的寒假，在春暖花开之际，4月22日，我校毕业年级学生返校报到学习。,学校高度重视返校学生的安全和健康，在复学准备工作中把疫情防控放在第一位，学生返校当天在来宾北站、火车站、汽车站等地设置接待站点，安排专人、专车，点对点接送学生返校。并重点落实校园封闭管理、教学、住宿、就餐、环境卫生消杀、生活安全等细节工作。,来宾市委、政府对我校开学工作十分关心。当天上午，来宾市副市长、市疫情防控领导工作小组指挥部副指挥长邓应文率市疫情防控指挥部开学工作组、联防联控组、医疗救治组等一行8人，到我校来宾校区检查指导疫情防控和毕业年级学生返校工作。校党委书记陈贵英、校党委副书记陈翔、副校长蓝海等领导接待邓应文副市长一行。,邓应文副市长到我校检查指导疫情防控和毕业年级学生返校工作,在学校门口，校党委书记陈贵英代表学校向邓应文副市长汇报了疫情防控和开学各项工作。并陪同邓应文副市长一行实地检查了校门口体温检测点、学生宿舍、方舱临时观察室等地，详细介绍学校疫情防控和学生开学返校各个环节的工作情况。,陈贵英书记向邓应文副市长一行汇报我校疫情防控和开学各项工作,邓应文副市长扫码进入学生宿舍,邓应文副市长实地检查方舱临时观察室,当天上午，张鹏校长率相关部门负责人，到来宾北站接待点检查指导学生返校接待工作。张鹏校长详细了解学生出站到登上“点对点”专车的整个接待工作流程。他对全体工作人员的辛勤付出给予了肯定，并叮嘱他们既要周密细致做好接待工作，又要注意做好个人防护。,张鹏校长在来宾北站接待点检查指导学生返校接待工作,学生有序排队上学校接站车,张鹏校长在校门口检查指导工作,当天下午，陈贵英书记、张鹏校长率队走访检查了学生宿舍，看望慰问毕业年级返校学生，与学生亲切交谈，询问了解他们的生活物资准备和身体健康情况，叮嘱学生返校后要严格遵守学校疫情防控各项规定，做好个人防护，认真完成学习任务，抓紧完成毕业论文、毕业设计等工作，积极主动应聘签约，尽快落实就业。并向学生赠送学校的“返校健康礼包”。,陈贵英书记向返校学生送“返校健康礼包”,张鹏校长看望慰问毕业年级返校学生,同学们对学校领导和老师的关心表示感谢，表示要严格遵守学校的各项规定和要求，积极做好自我防护，更加珍惜在学校学习时光，好好学习，不辜负学校领导和老师的殷切希望。,学生返校学习，宣告这个特别的假期已经结束，美丽的校园在春暖花开的季节里恢复了往日的生机与活力。",【图文】我校毕业年级学生顺利返校
"发布日期：2020-04-27    作者：韦贵方     来源：党委组织部
        点击：",http://www.gxstnu.edu.cn/info/1024/10096.htm,"4月16至17日，学校党委书记陈贵英等校领导分组带队，在组织部等有关部门负责同志陪同下，走访慰问我校派驻贫困村党组织第一书记家属，向他们发放慰问金、慰问品，为他们带去学校党委、行政的亲切关怀和问候。,在走访慰问过程中，学校领导与第一书记家属亲切交谈，深入了解第一书记家庭情况，详细询问了家属的工作生活、身体健康状况，了解他们实际困难和问题。校领导向家属介绍第一书记们在脱贫攻坚、乡村振兴工作中的辛劳付出和取得的成绩。是在他们“舍小家，顾大家”的不懈努力下，学校定点帮扶的贫困村脱贫成效显著，驻村贫困人口不断减少，定点帮扶的六个贫困村已有五个顺利脱贫摘帽，这些成绩的取得离不开家属们的理解和支持。,驻村第一书记家属对学校领导慰问表示感谢，表示将一如既往的理解和支持第一书记的工作，把家庭、工作、生活处理好，解决第一书记们的后顾之忧，让他们以更饱满的精神状态投入脱贫攻坚战斗。,陈贵英书记与第一书记家属亲切交谈,陈翔副书记与第一书记家属亲切交谈,蓝海副校长给第一书记家属送慰问金",【图文】学校领导走访慰问我校驻村第一书记家属
"发布日期：2020-04-27    作者：韦贵方、李长英     来源：纪检监察室、党委组织部
        点击：",http://www.gxstnu.edu.cn/info/1024/10097.htm,"4月24日，学校党委副书记、纪委书记吴江萍在食品与生化工程学院党总支部书记蓝峻峰以及校办、纪检监察室有关同志陪同下，赴融水县白云乡送我校新一轮派驻贫困村党组织第一书记和队员到任开展工作。,按照学校党委的统一部署，我校新选派食品与生化工程学院蓝群同志担任白云乡田里村党组织第一书记，国资处资产管理科副科长王乐同志担任枫木村驻村工作队员。,在白云乡，吴江萍副书记一行受到了白云乡党政领导班子的热烈欢迎，双方进行了座谈交流。会上，吴江萍副书记指出，学校党委高度重视第一书记和队员的选派工作，在深入研究贫困村具体情况的基础上，结合人选的工作能力和专业优势确定了驻贫困村党组织第一书记和队员。同时，嘱咐新任第一书记及工作队员要多向原第一书记学习及村“两委”干部学习，做好工作交接，尽快熟悉扶贫政策和乡情村情，认真履行扶贫工作职责，克服各种困难，稳步推进各项工作，努力实现脱贫目标。,会后，吴江萍副书记慰问了枫木村和田里村第一书记，为他们送上了慰问品。,蓝群（右三）到任白云乡田里村党组织第一书记,王乐（左一）到任枫木村驻村工作队员",【图文】我校新一轮派驻融水县白云乡贫困村党组织第一书记和工作队员到任开展工作
"发布日期：2020-04-29    作者：文：滕祥臣 图：杨新士     来源：科研管理处
        点击：",http://www.gxstnu.edu.cn/info/1024/10102.htm,"4月28日下午，来宾市人民政府副市长李光劭，市检验检测中心主任韦敏、市科学技术局副局长徐兴才等一行5人到我校推进政校合作工作。学校副校长李栋学及校办、科研管理处、财务处、食品与生化工程学院有关负责人参加座谈会。,座谈会现场,会上，李栋学副校长代表学校向李光劭副市长一行汇报了我校承担的厅市会商项目《广西无机材料绿色制备与应用重点实验室》建设基本情况和建设设想，并对我校政校合作的其他情况作了介绍。李副校长指出，学校在转型发展中存在科技人才引进难、政校合作体制机制创新及建设经费不足等方面的困难，希望得到市政府大力支持。,李光劭副市长对我校办学情况及政校合作取得的成绩给予了充分的肯定，并积极回应我校提出的诉求。李副市长表示，在科技人才引进方面，将会同有关部门，进一步拓宽引进渠道，培育良好的人才环境；在政校合作体制机制上，支持探索，鼓励创新，力争突破改革中存在的瓶颈问题；在建设经费问题上，将共同努力，多方筹措，一起把重点实验室建设好。,李光劭副市长要求与会各方在政校合作中要着力聚焦符合来宾市产业特点的科技创新目标，努力实现资源共享、信息互通、人才共用，共同推动产业科技创新。同时，希望学校抓住机会，积极融入来宾市科技支撑产业高质量发展的进程，为全市产业发展作出更大贡献。,会前，李光劭副市长一行在李栋学副校长陪同下实地考察了食品与生化工程学院糖资源工程技术中心及其他科研平台，详细了解有关建设情况。,参观糖资源工程技术中心",【图文】来宾市副市长李光劭一行到我校推进政校合作
"发布日期：2020-04-18    作者：文：杨新士/图：林文强、杨琪、杨新士     来源：党委宣传部
        点击：",http://www.gxstnu.edu.cn/info/1024/10075.htm,"4月16日、17日，学校先后在来宾校区、柳州校区开展新冠肺炎疫情防控应急演练。学校领导陈贵英、张鹏、吴江萍、陈翔、蓝海、梁梅、李栋学、胡国强，校长助理、柳州校区管委会主任宋启军，学校开学工作领导小组各工作组及各有关部门负责人、二级学院党政负责人及辅导员参加演练。校党委书记陈贵英、校长张鹏担任此次演练总指挥，校党委副书记陈翔担任现场指挥。,来宾校区应急演练现场,柳州校区应急演练现场,应急演练选取学生返校日和开学后学生在学习、生活中出现体温异常等症状进行防控实战应急演练。,“开学日，校门发现学生体温异常”场景演练：主要演练学生返校日校门人员、交通压力大的情况下，发现有学生体温超过标准时，进行体温再检测、再确认、临时安置等；启动应急机制，逐级报告情况，联系结对医院接送就诊、现场消杀防疫，以及医院确诊后进行治疗和治愈后返校时到校内健康观察室进行观察等。,校门口场景演练现场,护送“发烧学生”上车,陈贵英书记、张鹏校长对演练现场指导,“宿舍内，学生出现发烧、咳嗽等症状”场景演练：主要演练学生在宿舍里出现发烧、咳嗽等症状，第一发现人及时报告情况，学校启动应急机制，安排人员护送发烧学生到医务室测量体温、确定发烧，逐级报告情况，并联系结对医院接送就诊等。,进出宿舍扫码测温,宿舍内场景演练现场,“课堂中，学生出现咳嗽、咽痛、发烧等症状”场景演练：学生在教室上课时出现咳嗽、咽痛、发烧等症状，并向任课老师报告，老师向疫情防控指挥部医疗救治和后勤保障组报告，并安排同学护送身体不适学生到学校医务室检测体温，确认咳嗽、咽痛、发烧等症状，学校联系结对医院接送就诊等。,课堂中场景演练现场,同时演练的还有食堂工作人员出现发烧症状的应急处置、环境消杀防疫等。,食堂场景演练现场,室内消毒,演练结束后，学校在来宾校区科教楼七楼会议室召开应急演练总结会，校党委书记陈贵英主持会议和讲话，校长张鹏对应急演练工作进行总结。,张鹏校长指出，本次演练在全体参演人员的共同努力下，完成了各项演练任务，为做好新学期开学的疫情防控工作累积了一定的实战经验。同时，对演练过程中暴露的问题和不足，逐一指出和点评，并提出整改意见，要求各单位限期完成整改。,陈贵英书记在讲话中对应急演练的每一个环节进行了点评。陈书记指出，做好疫情防控和开学工作，事关师生员工的生命安全和身体健康，事关学校教育教学工作正常开展和学校的稳定大局，要求坚持问题导向，认真检视演练过程中校门管理、检测体温、逐级报告、接送就诊、消毒防疫、交通疏导、协调配合以及健康观察室管理服务、防控物资管理发放等环节存在的问题和不足，要求及时查缺补漏、整改到位。陈书记强调，,流程再梳理。在完善总流程图的基础上，各个重要环节的工作流程要明确、具体，可操作性要更强，管理服务要到位。,细节再完善。细节决定成败，每一项工作、每一个环节、每一个流程都要注意推敲细节，把形势预判、问题分析、工作谋划、主要措施等做得更加到位。,人员再培训。疫情防控和开学工作的各个环节都有一支队伍具体负责，各二级学院和部门都有相应的机构人员对接，要强化人员培训，确保思想更重视、流程更熟悉、措施更得力、行动更到位。,再次组织演练。在完善流程的基础上，各工作组对所负责的工作进行精准演练，细化工作，切实增强应急处置能力，确保学生安全有序进校和教育教学工作正常开展。,总结会现场",【防控疫情】学校开展新冠肺炎疫情防控应急演练
"发布日期：2020-04-30    作者：     来源：党委宣传部
        点击：",http://www.gxstnu.edu.cn/info/1024/10112.htm,"4月30日，学校党委书记陈贵英主持召开党委会议，传达学习习近平总书记在决战决胜脱贫攻坚座谈会上的重要讲话精神。全体校领导、党委委员参加会议。,会议指出，今年是脱贫攻坚战的收官之年，又遭遇疫情影响，各项工作任务更重、要求更高。在这重要节点和特殊时期，习近平总书记的重要讲话向全党全国发出了克服疫情影响、攻克最后堡垒、确保如期全面收官的冲锋动员令，给我们提供了思想指引、行动指南和强大精神力量。每名党员干部，尤其是学校领导要学懂弄通透悟，要将教育脱贫攻坚战与学校中心工作紧密结合，进一步强化工作措施，持续发挥教育对巩固脱贫攻坚成果、建立防贫防返贫长效机制的重要作用。以更大决心、更强力度创造性开展工作，坚决克服疫情影响，为夺取脱贫攻坚战全面胜利作出学校应有的贡献。,会议现场",【图文】学校党委传达学习习近平总书记在决战决胜脱贫攻坚座谈会上的重要讲话精神
"发布日期：2020-04-30    作者：周集     来源：文化与传播学院
        点击：",http://www.gxstnu.edu.cn/info/1024/10145.htm,"近日，由中共来宾市宣传部、市文联、市妇联、市人民医院主办，我校文化与传播学院等单位协办的来宾市抗击新冠肺炎疫情主题朗诵会在来宾书城一楼小剧场圆满举行。文化与传播学院党委书记陆文清出席了活动。,主题朗诵会分为《逆行篇》、《战“疫”篇》、《凯旋篇》三个篇章，抗击疫情的诗歌主要是由来宾市作家、诗人等创作完成，其中文化与传播学院周集、刘笳、湛贵玲等教师朗诵的诗歌《防护服下的你真的很美丽》是该院党委书记陆文清创作完成，作品内容感人至深，现场聆听朗诵的观众，尤其是赴武汉参加抗击疫情阻击的医务人员们深受感动。文化与传播学院教师黄菁竹还倾情演绎了原创作品《沿着春天的叶脉》。,诗歌朗诵《防护服下的你真的很美丽》,同时，本次活动还为荣获“来宾市三八红旗手”的集体和个人进行颁奖，文化与传播学院教师黄菁竹荣获“来宾市三八红旗手”荣誉称号。",【图文】文化与传播学院协办的来宾市抗击新冠肺炎疫情主题朗诵会圆满举行
"发布日期：2020-05-18    作者：罗钰娴     来源：校团委
        点击：",http://www.gxstnu.edu.cn/info/1024/10166.htm,"近日，共青团广西区委、广西青年联合会下发2019年度表彰文件，我校外国语学院英语本科专业2017级1班团支部荣获2019年度“广西五四红旗团支部（总支）”荣誉称号，文化与传播学院陈思玲同学荣获2019年度“广西优秀共青团员”荣誉称号。,外国语学院英语本科专业2017级1班团支部荣获2019年度“广西五四红旗团支部（总支）”荣誉称号,同时，在来宾市召开纪念五四运动101周年和建团98周年暨共青团来宾市四届三次全会（扩大）会议上，通报表扬了2019年共青团先进集体和个人。我校体育学院团委荣获2019年度“来宾市五四红旗团委”荣誉称号；外国语学院冯筱娣老师荣获2019年度“来宾市优秀共青团干部”；经济与管理学院吴卓纭、食品与生化工程学院孙菲璠、外国语学院张培等3名同学荣获2019年度“来宾市优秀共青团员”荣誉称号。,体育学院团委荣获2019年度“来宾市五四红旗团委”荣誉称号",喜讯：我校团学工作喜获区市级荣誉
"发布日期：2020-05-21    作者：文：程茂华 图：杨新士     来源：发展规划与学科建设处
        点击：",http://www.gxstnu.edu.cn/info/1024/10173.htm,"5月20日下午，学校在学术报告厅召开“十四五”事业发展规划编制工作动员部署会。校领导陈贵英、张鹏、吴江萍、陈翔、蓝海、梁梅、李栋学、胡国强，校长助理宋启军以及各机关教辅部门、二级学院主要负责人参加会议。会议由校党委书记陈贵英书记主持。,会议现场,陈贵英书记主持会议,会上，张鹏校长对学校“十四五”事业发展规划编制工作作了动员部署。张校长简要总结了学校“十三五”期间取得的成绩与存在不足，介绍了《广西科技师范学院“十四五”事业发展规划编制工作方案》，重点解读了规划编制的指导思想、编制原则、主要任务、规划体系、组织与进度安排、工作要求等方面内容。,张鹏校长要求，一是统一思想，充分认识学校规划编制工作的重大意义；二是统一认识，高标准、严要求开展学校“十四五”规划编制相关工作；三是在总结“十三五”的基础上，深刻领会规划编制的指导思想、准确把握规划编制的基本原则、要严格按进度安排推进规划编制，精心编制出一个凝聚人心、科学可行、具有前瞻性的学校“十四五”事业发展规划；四是加强调研，群策群力，扎实工作，根据规划编制要求和时间节点推进编制工作，为实现学校快速稳定发展作出积极贡献。,张鹏校长讲话,为确保学校“十四五”事业发展规划编制工作有序、高效进行，陈贵英书记在会上强调，一是统一思想，提高认识，把规划编制工作作为今年一项重要工作抓紧抓实；二是明确责任，协调配合，理顺好总规划与8个子规划的关系，制定各子规划编制工作方案，有步骤开展编制工作；三是加强调查研究，合理确定目标，科学编制规划；四是加强组织领导，统筹安排工作，按时完成任务。",【图文】学校召开“十四五”事业发展规划编制工作动员部署会
"发布日期：2020-05-21    作者：杨琪     来源：党委宣传部
        点击：",http://www.gxstnu.edu.cn/info/1024/10177.htm,"5月20日，自治区党委组织部调研评估组组长、自治区高级人民法院党组成员、政治部主任蔡立华一行4人到我校开展激励干部担当作为系列文件贯彻落实情况工作调研。来宾市中级人民法院党组书记、院长覃子骅，市委组织部常务副部长韦绍壮陪同调研。学校领导陈贵英、张鹏、吴江萍、陈翔及相关部门负责人、干部代表参加了调研座谈会。张鹏校长主持会议。,座谈会现场,学校党委书记陈贵英代表学校向调研评估组作了工作汇报。陈书记从学习贯彻激励干部担当作为新政策、坚持按“好干部”标准选人用人、开展针对性强的干部教育培训、注重加强干部考核与绩效等挂钩、建立完善激励担当机制、落实关爱干部政策等6个方面介绍学校贯彻落实自治区系列文件精神的情况，同时提出下一步持续推进激励干部担当作为的意见建议。,蔡立华组长向与会人员介绍了开展调研评估工作的目的和重要意义，对我校激励干部担当作为、推动学校转型发展的举措给予肯定。他强调，要进一步激励干部担当作为，选拔敢于负责、勇于担当、善于作为、实绩突出的干部，贯彻落实好中央和自治区工作部署；要加强干部管理，努力建设高素质专业化干部队伍，充分激发、调动广大干部干事创业的热情和活力。,蔡立华组长在会上讲话,陈贵英书记在会上汇报工作,张鹏校长主持会议,与会人员分别从各自工作领域谈了体会和意见建议。会前，调研组到校史馆、大数据中心进行参观调研。,调研组参观校史馆,调研组在大数据中心调研",【图文】自治区党委组织部调研组到校调研激励干部担当作为系列文件贯彻落实情况
"发布日期：2020-05-22    作者：李浩     来源：党委宣传部
        点击：",http://www.gxstnu.edu.cn/info/1024/10186.htm,"5月20日，由中共来宾市委宣传部组织开展的2020年全市理论宣讲比赛在市公安局报告厅举行。本次比赛竞争激烈，来自来宾市不同战线共20名选手参赛。我校马克思主义学院廖丽宁副教授、彭曦老师分别获得二等奖、三等奖，教育科学学院梁孟香同学、文传学院陈梅老师指导的吴怡颖同学分别获得二等奖、优秀奖。,在颁奖仪式上，来宾市委宣传部还对2019年度“学习强国”学习平台来宾市学习标兵前18名代表进行表扬，我校体育学院辅导员李小龙以15040分获全市年度“学习标兵”第一名。,李小龙（右一）获来宾市2019年度“学习强国”学习平台“学习标兵”",喜讯：我校师生选手在2020年来宾市理论宣讲比赛中喜获佳绩
"发布日期：2020-05-22    作者：林文强     来源：党委宣传部
        点击：",http://www.gxstnu.edu.cn/info/1024/10187.htm,"5月21日，广西警察学院党委书记覃干超、总会计师叶露一行8人就食堂管理机制、服务模式、经营招标等工作到我校开展调研交流。我校党委书记陈贵英、总会计师胡国强及学校相关部门负责人参加了调研座谈会。,座谈会现场,会上，陈贵英书记代表学校对覃干超书记一行到访表示热烈欢迎，并简要介绍了我校的办学情况，希望双方以此次交流为契机，进一步加强沟通与合作，共同发展进步。胡国强总会计师介绍了我校食堂社会化经营管理模式相关情况。双方相关职能部门就食堂经营管理模式、食品原材料供应链及管理体系、食堂经营招投标、提高食堂服务质量等方面进行了深入交流。,陈贵英书记讲话,覃干超书记对我校热情接待表示感谢，希望通过这次考察交流，学习我校在食堂管理机制、服务模式等方面的经验，为广西警察学院进一步提高食堂管理水平提供了参考和借鉴。,广西警察学院党委书记覃干超讲话,会后，双方相关部门分别进行了对口交流。",【图文】广西警察学院党委书记覃干超率队到我校调研交流
"发布日期：2020-04-10    作者：滕祥臣     来源：科研管理处
        点击：",http://www.gxstnu.edu.cn/info/1024/10042.htm,"4月9日，科研管理处覃逸明处长、赖家胜副处长一行赴广西中沛光电科技有限公司进行考察交流。,交流会上，来宾市科学技术局局长方革指出，科技创新对来宾市高新企业高质量发展十分重要，企业要加强与高校合作，重视构建科研平台和自身科技创新，全面提升企业的竞争力；公司董事长吴少平表示，将继续加大对科技研发的投入，进一步深化政校企合作。覃逸明处长表示，在市政府的领导下，进一步深化校企合作，共克科技难关，积极推动和引导学校科研力量围绕地方企业的产业发展提供新的更大贡献。,会前，覃逸明处长一行参观了中沛光电的生产车间和研发中心。,参观研发中心,参观生产车间",【图文】科研管理处赴广西中沛光电科技有限公司进行考察交流
"发布日期：2020-04-10    作者：杨新士     来源：党委宣传部
        点击：",http://www.gxstnu.edu.cn/info/1024/10043.htm,"4月9日，来宾市高校开学评估组组长、来宾市人民政府副秘书长孙明，副组长、市疾控中心主任姜新宁，副组长、市教育体育局副局长罗韦斌等8人组成的来宾市高校开学工作评估组到我校开展开学准备评估工作。学校领导张鹏、吴江萍、陈翔、蓝海、梁梅、李栋学、胡国强，校长助理宋启军以及学校新冠肺炎疫情防控领导小组指挥部各小组负责人参加会议。,来宾校区评估座谈会现场,柳州校区评估座谈会现场,孙明副秘书长一行先后实地检查了我校来宾校区、柳州校区的校门测温点、学生宿舍、校卫生院、隔离观察区、食堂、防疫物资储备仓库、教室，认真查看了开学准备工作材料，详细了解学校在疫情防控和开学筹备工作的情况。,在评估座谈会上，张鹏校长代表学校进行工作汇报，主要从组织领导、师生员工健康状况监测管理、防疫准备、防疫物资准备、返校准备、教学准备、应急准备等7个方面介绍了我校疫情防控及开学准备工作相关情况和当前面临的困难。,孙明副秘书长对我校疫情防控和开学准备工作给予了肯定。为切实做好开学准备工作，确保学校按时开学，他强调，一要抓好开学方案落实到位，把工作再抓实抓细抓紧，进一步细化疫情防控工作的各项措施，为开学复课做足准备工作；二要进一步压实疫情防控责任，切实增强政治意识、大局意识、责任意识、服务意识；三要加强与来宾市疫情防控指挥部、市疾控中心的对接联系，确保信息畅通；四要认真落实评估组指出的整改意见，对开学准备各项工作进行查缺补漏，确保各项工作有序推进。,张鹏校长在表态发言中表示，学校将认真落实评估组指出的整改意见和建议，进一步细化工作方案，把开学各项工作考虑的更加周全，落实工作更加到位，确保广大师生的生命安全和身体健康。,检查校门测温点,检查学生宿舍,检查校卫生院,检查隔离观察区,检查食堂,检查教室,查阅开学准备工作材料",【防控疫情】来宾市对我校开学准备工作进行评估指导
"发布日期：2020-04-14    作者：姜稳     来源：党委学生工作部
        点击：",http://www.gxstnu.edu.cn/info/1024/10058.htm,"4月13日上午，我校在科教楼西1-104开展了新冠肺炎疫情防控知识培训会，会议采取现场与视频直播相结合的形式，邀请来宾市人民医院感染科主任、副主任医师廖炯主讲。党委学生工作部、后勤管理与基本建设处及校团委相关负责人，全体二级学院分管学生工作的领导、全体一线兼职辅导员共100余人参加培训会。,廖炯医生在疫情防控知识讲座中，从什么是新型冠状病毒肺炎切入，解读冠状病毒的病原学特点、流行病学特点、临床特点和诊断标准、出院的标准及出院后的注意事项等。从专业的角度讲授了新型冠状病毒肺炎防护知识，并结合校园防疫工作特点从办公区域、宿舍、食堂等区域详细讲解了科学有效地应对疫情的方法和学校突发疫情应急处置流程。,培训会现场,通过此次培训，各部门相关人员比较系统掌握了正确处理学生在校期间各种突发状况时的工作流程，学会了正确规范的个人防护要领，切实提高学生工作队伍疫情防控知识水平，为共同打赢疫情防控阻击战奠定了坚实基础，全力保障师生生命安全和身体健康。,培训会现场",【防控疫情】学校开展新冠肺炎疫情防控知识培训会
"发布日期：2020-04-14    作者：滕祥臣     来源：科研管理处
        点击：",http://www.gxstnu.edu.cn/info/1024/10059.htm,"4月13日下午，我校在科教楼8楼会议室召开2020年学术委员会第一次全体会议，会议由学校学术委员会主任委员、校长张鹏主持，副主任委员、副校长梁梅及全体委员参加会议。,会上，委员们认真听取了相关部门的汇报，并进行了充分地讨论。会议审议并原则通过了《广西科技师范学院高等学校教师系列高、中级专业技术资格评审条件》《食品与生化工程学院学术委员会章程》，会议还审议通过了广西科技师范学院第一届学术委员会委员调整名单。,会议现场",【图文】学校召开2020年学术委员会第一次全体会议
"发布日期：2020-04-14    作者：杨新士     来源：党委宣传部
        点击：",http://www.gxstnu.edu.cn/info/1024/10061.htm,"4月13日下午，来宾市委常委、组织部部长农毅一行4人到我校调研，并在科教楼7楼会议室举行调研座谈会。学校党委书记陈贵英、校党委副书记陈翔以及相关部门负责人参加会议。,陈贵英书记对农毅常委一行来校调研指导表示热烈欢迎，并简要介绍了我校的办学条件、办学规模、发展前景等基本情况，同时汇报了目前学校在人事管理、干部管理、办学经费等方面存在的困难，就理顺我校管理体制提出意见建议，希望来宾市给予更大支持。,农毅常委听取了学校的相关工作情况介绍后表示，市委组织部将尽力做好沟通协调工作，积极探索解决学校发展难题以及推动学校服务地方人才、科技支撑能力的有效机制和举措。,座谈会现场",【图文】来宾市委常委、组织部部长农毅一行到我校调研
"发布日期：2020-04-16    作者：杨新士     来源：党委宣传部
        点击：",http://www.gxstnu.edu.cn/info/1024/10068.htm,"4月15日下午，我校在来宾校区图书馆学术报告厅召开2020年度党政工作部署会暨春季学期工作布置会。学校领导陈贵英、张鹏、吴江萍、陈翔、蓝海、梁梅、胡国强，校长助理宋启军以及全体中层干部参加会议。会议由校党委书记陈贵英主持。,会议现场,张鹏校长对学校2019年工作进行总结。张校长指出，2019年学校在教学科研、学科专业建设、师资队伍建设、招生就业工作、对外合作交流、管理服务等方面工作都取得了显著成绩。并指出工作存在问题和不足，明确下一步工作方向。就2020年工作，张校长指出，要主动适应新形势的要求，重点抓好顶层设计、内涵建设、招生就业、学科建设等方面工作，严守安全稳定底线。张校长还对2020年春季学期工作提出了具体要求，一是提高政治站位，切实增强春季开学疫情防控工作的紧迫感。二是科学研判形势，精准把握政策，严格按照要求做好各项工作。三是进一步压实责任，不留死角，确保疫情防控各种方案更具有可操作性，确保各项工作有序高效开展。,学校党委书记陈贵英在会上对2019年学校党政工作进行总结，对2020年学校党政工作进行部署。陈书记指出，2019年在上级党委、政府的坚强领导和学校各部门、各基层党组织的共同努力下，学校党政工作有序推进，特别是在理论武装、“不忘初心、牢记使命”主题教育、思政工作、基层党建、干部队伍建设、党风廉政建设和内涵建设、学科专业建设、招生就业工作、条件建设等方面工作成效明显。陈书记强调，2020年学校党政工作，一是全力抓好疫情防控工作，确保师生生命安全和身体健康。二是持续加强学校党的建设和内涵建设，推动党建工作与学校中心工作融合发展，不断提高办学水平。三是全力抓好党政工作的落实落地。要统一思想、提高认识，明确任务、抓好落实，担当作为、统筹推进，确保学校2020年党政工作目标如期实现。",【图文】学校召开2020年度党政工作部署会暨春季学期工作布置会
"发布日期：2020-03-23    作者：彭远贺、潘兴明、杨新士     来源：人民网
        点击：",http://www.gxstnu.edu.cn/info/1024/9999.htm,"“一个城里来的大学老师，肯定吃不了咱农村的苦。”2018年3月，广西科技师范学院的莫志超受组织委派，来到广西柳州市融水苗族自治县拱洞乡洋鸟村任第一书记，村民对于莫志超并不看好。,洋鸟村的情况也出乎莫志超的意料之外。“想象过贫穷，但是没有想到这么贫穷。”莫志超感慨地说，洋鸟村是个“纯苗寨”，共有546户农户，其中350户为贫困户，贫困发生率超过50%。,洋鸟村位于融水县拱洞乡最北部，山高路远，距离县城100多公里，距离乡政府所在地也有30公里。村民文化程度普遍较低，青壮年长期在外打工，村里剩下的只有老人和孩子，村民文化低、技能少，生活十分艰难。,“为村里做出实在的事，老百姓才认可我。”莫志超行动起来，到村里做的第一件事就是入户走访。从村头到村尾，莫志超与村民拉起了家常，了解他们的家庭情况、生产状况、困难疾苦、所盼所思。,莫志超（左一）与洋鸟村的村民熟如亲友。受访者供图,莫志超走访了洋鸟村的每家每户，在本子上记下每户的家庭位置、人数、生活状况……对于洋鸟村的整体情况，莫志超慢慢地了然于心，村民也渐渐地跟他熟悉起来。,初来乍到，莫志超就想着要轰轰烈烈干扶贫的事，跟村民熟了，他以为村里的扶贫工作就好开展了。然而，开始熟络之后，村民找莫志超解决的问题，不是这家的羊丢了，就是那两家闹矛盾了……,“这些看起来是小事，但在村民眼里却是大事。”办起村民的事情，莫志超总是多办一点，对行动不便的老人，遇上能帮忙的活儿就顺手帮忙；对患有疾病的困难村民，不仅给他们送医送药，还多次自己开车送到医院就医。,莫志超（左一）与工作队员给洋鸟村老人干活。受访者供图,一个人能做的事有限，村子富不富，关键还得看支部。,“刚来村里时候，村党支部软弱涣散，各项工作开展都比较困难。”莫志超说，以前村委班子不够团结，凝聚力也不强，被县里列为“软弱涣散村党组织”。后来的换届选举中，党员群众选出了新的“当家人”。,到洋鸟村后，莫志超注重加强村里的党组织建设，提升组织力，指导实行“星级化”管理，整治村党组织软弱涣散问题。,党组织强起来，村中脱贫大事走上正轨。,对涉及群众切身利益的危房改造、低保及村里的重大项目等，洋鸟村党支部召集驻村工作队员、村干部、五会治屯领导、群众代表、党员代表等开会，以公平、公正的原则，以讨论、投票等形式定夺事宜，使所有工作在“阳光下”运行，不断树立党组织和村干部的良好形象。,“刚来的时候，我看到村里大概95%的住房是木制吊脚楼，我便暗下决心，一定要村民有饭吃、有房住。”在刚进村走访的时候，发现很多村民住的是危房，莫志超看在眼里急在心里，村党组织强起来后，这个急迫的问题必须尽快解决。,统计认定、申报改造、开工建设、竣工验收……2018年以来，洋鸟村累计危房改造136户。“目前，危房改造户、易地搬迁户全部入住新房，全村都解决了住房稳固安全问题，并达到人均建筑面积不少于13平方米，住房保障率达到98%。”莫志超说，对于这些危房改造、异地移民搬迁户，驻村工作队每户入户不少于10次，真正把工作做实做细，切实让困难群众享受实实在在的政策福利。,莫志超（前右）帮助村民硬化道路。韦凌云摄,除了危房改造，村党支部强起来后，村里完成了村委综合楼、公共篮球场、道路硬化等建设目标，基础设施得到完善。,“与以前相比，现在我们的班子更团结，凝聚力更强，战斗力起来了。” 洋鸟村党支部书记杨高乡信心十足地说。对此，莫志超也倍感欣慰：“现在，村里的党组织起了作用，群众更有信心了。”,“走上产业道路，帮助老百姓挣钱，他们才能真正摆脱贫困。”莫志超深知，只有让村民们参与到产业发展中，才有持续增收的保障。,洋鸟村有山地、杉木、优质稻、禾花鲤、牛羊等资源，莫志超与“村两委”商议，就根据这些村里的资源特色想出路，挖掘当地生态资源优势，朝产业化方向重点发展本地优质稻、泉水螺、黑山羊、食用菌等种养产业，成立杨田种养专业合作社、兴丰养殖专业合作社、黄牛养殖合作社、勾藤种植合作社等专业种养合作社。合作社接收农户，带动群众发展产业。,莫志超（右一）陪同公司负责人到洋鸟村灵芝种植基地考察。韦凌云摄,为了做大做强村里的扶贫产业，莫志超依靠后盾单位广西科技师范学院等方面的支持，想方设法联系公司到洋鸟村投资发展种养产业。多方合力的推动下，洋鸟村以“党支部+合作社+公司+贫困户”的模式，大力发展产业，增加村民的家庭收入和村集体经济收入。,“由此，洋鸟村出现了一批致富带头人。”莫志超说，2019年，洋鸟村中草药大户梁正锋的灵芝种植基地种下的3万棒灵芝获得好收成，带动了十几户贫困户共同发展，实现了每户增加年收入6000元的目标，并继续扩大种植面积，把更多的贫困户纳入合作社。以点带面，洋鸟村的产业合作社正带领村民走上脱贫致富路。,脱贫攻坚，对于贫困群众来说，要挪穷窝、换穷业，还要拔穷根，教育扶贫是阻断贫困代际传递的治本之策。,“作为一名教师，我非常关注洋鸟村学校办学和困难家庭学生的学习。孩子是祖国的未来，把孩子的文化提高，才可能彻底解决贫困。”2018年以来，莫志超先后联系爱心机构对洋鸟小学开展捐资助学活动，捐赠价值8万余元的物资；通过各种渠道筹措资金100余万元，加强洋鸟小学的基础建设；联系社会热心人士，捐赠了一批书包、文具、鞋子、衣服等物资。,莫志超感谢爱心人士给洋鸟小学捐赠物资。韦凌云摄, ,走家串户的时候，莫志超总是喜欢带着各种读物、文具，发放给孩子们，不厌其烦地叮咛村里的孩子要认真学习。对于辍学在家的孩子，他和工作队员上门做思想工作，解决实际困难，确保特别贫困家庭的孩子吃穿不愁，安心上学。为了进一步控辍保学，莫志超还联系爱心人士对洋鸟村30个家庭特别困难的学生进行长期资助。,在干群合力下，如今，洋鸟村的脱贫攻坚工作取得了显著成效。截至2019年底，洋鸟村的350户贫困户已脱贫335户1698人，贫困发生率下降到2.11%，实现整村脱贫出列。,2019年，曾经的深度贫困村——洋鸟村被评为融水县文明村，而莫志超个人也荣获柳州市第二届“百佳工作队员”称号。,“烟雨蒙蒙下农家，吊脚楼边杜鹃花；诗人已无叹花句，花底笑语问桑麻。”面对荣誉时，莫志超以诗明志，坚定地说，“这是对我和洋鸟村全体村民的认可和肯定，既是表扬又是鞭策，是一份沉甸甸的责任。今后我们要以更加有力的举措、更务实的作风，全力打赢脱贫攻坚战！”",【转载人民网报道】广西融水：大学老师“问桑麻” 扶贫扶智富苗寨
"发布日期：2020-03-23    作者：文/图 林文强 周优军     来源：党委宣传部
        点击：",http://www.gxstnu.edu.cn/info/1024/10002.htm,"3月23日上午，学校在科教楼七楼会议室召开地方政府专项债券建设项目专题推进会。校领导张鹏、蓝海、胡国强及校长办公室、发展规划与学科建设处、财务处、国有资产管理处、审计与督查处、后勤管理与基本建设处、实验实训中心等部门负责人参加会议。,会上，各部门分别汇报了所负责工作进展情况。张鹏校长强调，各部门要高度重视此次专债项目的建设，一定要合规、按期、高质量地完成相关重点项目的建设工作，要根据不同项目的原有条件，分别加快推进，倒排时间，争取于五月底校内重点建设项目具备开工条件。蓝海副校长就具体项目的推进，进一步作出部署。",【图文】学校召开地方政府专项债券建设项目专题推进会
"发布日期：2020-03-25    作者：叶有明、滕祥臣     来源：食品与生化工程学院、科研管理处
        点击：",http://www.gxstnu.edu.cn/info/1024/10003.htm,"为进一步推动落实厅市共建工作，3月24日，我校科研管理处处长覃逸明、食品与生化工程学院院长蒋才云、副院长叶有明一行3人到来宾市检验检测中心进一步落实共建广西无机材料绿色制备与应用重点实验室相关工作，来宾市检验检测中心主任韦敏，副主任韦兴宗及相关科室负责人参加会议。,会议现场,会上，蒋才云院长、叶有明副院长分别介绍了重点实验室的筹备过程，双方合作的主要事项及相关要求。覃逸明处长强调了共建重点实验室对双方的重要意义，并对申报进度提出了明确要求。市检验检测中心主任韦敏指出了共建重点实验室对中心今后发展的重要性，表示中心将全力配合我校完成重点实验室各项申报工作。,会后，我校一行人还参观了市检验检测中心的实验室。,参观实验室",【图文】科研管理处、食品与生化工程学院负责人到来宾市检验检测中心落实共建广西无机材料绿色制备与应用重点实验室相关工作
"发布日期：2020-03-25    作者：林文强     来源：党委宣传部
        点击：",http://www.gxstnu.edu.cn/info/1024/10004.htm,"3月24日下午，我校在柳州校区举行新冠肺炎疫情防控应急演练。校长助理、柳州校区管委会主任宋启军、学生工作处、保卫处、离退休工作处、教务处、后勤管理与基本建设处等部门负责人及相关工作人员参加演练。,演练项目分别模拟校门口体温监测、检测发现返校学生、校内教职工人员各发现一名发热症状人员，学校立即启动应急预案，按规定程序进行全程处置。整个演练工作紧张有序，演练过程严肃认真，各个环节配合密切。,演练结束后，负责指挥演练的各工作组负责人及相关人员现场召开讨论总结会，对演练环节中存在的不足提出了相应的整改建议，要求疫情防控各相关小组要针对演练过程发现的问题再次进行认真梳理、总结，对学校疫情防控工作进一步加以完善。,演练现场",【防控疫情】柳州校区举行疫情防控应急演练
"发布日期：2020-03-26    作者：杨正浪     来源：网络与教育技术中心
        点击：",http://www.gxstnu.edu.cn/info/1024/10010.htm,"3月24日，我校网信办召开2020年工作布置会线上会议，副校长李栋学及网信办主任陈杰波、网信办副主任韦明珠、李浩、莫建平、莫付欢以及教务处副处长彭业智、网教中心副主任杨正浪参加会议，会议由网信办主任陈杰波主持。,会上，李栋学副校长指出，今年网信办要把握好关键工作，适当提高起步标准。网信办的职能定位、管理范围和工作内容要依据学校相关文件来细化、完善和补充；2020年度网信办主要工作要围绕学校2020年党政工作要点来谋划，要促进网信办的工作动起来；加快推进已列入学校2020年党政工作要点的信息化建设项目，同步征集2020-2021年的信息化建设项目方案。,陈杰波主任简要说明本次会议召开的目的，重点审议网信办工作职责、2020年度网信主要工作和网教中心2020年度信息化建设项目三个议题进行审议，各部门分别就这三个议题提出意见和建议。",学校网信办召开2020年年度工作布置会
"发布日期：2020-03-26    作者：杨新士     来源：党委宣传部
        点击：",http://www.gxstnu.edu.cn/info/1024/10009.htm,"3月25日下午，自治区教育厅召开全区高校及区直中职学校技工学校开学准备工作电视电话会议，自治区新冠肺炎疫情防控工作领导小组指挥部学校开学工作组组长、自治区党委教育工委书记、教育厅厅长唐咸仅出席会议并讲话，自治区教育厅党组副书记、副厅长、一级巡视员黄雄彪主持会议。,会议现场,根据会议要求，我校在来宾校区科教楼九楼视频会议室设分会场，校领导陈贵英、张鹏、吴江萍、陈翔、蓝海、梁梅、李栋学、胡国强，校长助理宋启军及学校行政教辅部门、二级学院负责人参加会议。,会议现场,自治区党委教育工委书记、教育厅厅长唐咸仅在会上总结了我区教育系统开学准备的各项工作，对当前我区教育系统疫情防控和开学形势进行了分析研判，并对下一阶段开学准备工作进行了部署。,会议强调，一要抓细、抓实、抓落地，扎实做好开学各项准备工作。目前全国、全区的疫情防控形势持续向好，但人员流动和聚集增加带来疫情反弹风险依然存在，特别是国外疫情蔓延带来的输入性风险增加，各学校必须继续毫不放松的抓紧、抓实、抓细各项防控工作，按照自治区印发的各项疫情防控实施方案精准施策，科学防控，进一步细化各项开学准备工作方案，确保师生的生命安全和身体健康。二要提前研究谋划，做好教学安排。新冠肺炎疫情突发导致无法正常开学，对学校的教学安排、学生实习、学生毕业等方面的工作都带来了较大影响，各级院校要抓紧研究对策，尽量将疫情的影响降到最小，切实做好线上线下教学的衔接工作，在保证教学质量的同时确保前期的线上教学与开学后教学工作的衔接。同时，针对学习困难学生、毕业生实习、毕业论文、毕业设计等方面做好各项预案，加大帮扶力度，灵活施策。三要压紧压实责任，确保开学安全有序。各校各有关部门要增加大局意识，层层压实责任，扎实做好开学准备的各项工作，建立健全学校、院系、班级、宿舍、个人五级疫情防控工作体系，明确校园管理、健康检测、交通组织、心理疏导、物资保障、应急处置、安全保卫、后勤保障等具体开学工作任务。各校各部门要进一步加强部门联动和沟通协调，充分发挥好联防联控机制的作用，各司其职，共同做好开学工作。,会上，桂林理工大学、河池学院等6所学校分别作交流发言。",【防控疫情】学校组织参加全区高校及区直中职学校技工学校开学准备工作电视电话会议
"发布日期：2020-03-26    作者：张凤娴     来源：财务处
        点击：",http://www.gxstnu.edu.cn/info/1024/10011.htm,"3月25日，柳州银行股份有限公司来宾分行向我校捐赠防疫物资50公斤84消毒液、1250个一次性医用口罩。,爱心捐赠仪式在来宾校区门前举行，柳州银行股份有限公司来宾分行杨俊副行长、蒋丹程主任、余虹静经理助理将捐赠的物资运送至来宾校区，学校国有资产管理处处长廖政达、副处长李广、财务处陈忠副处长代表学校接收了捐赠物资，并向柳州银行致以感谢信。,柳州银行股份有限公司给我校智慧校园、校园一卡通、财务综合服务平台等建设提供大力支持，此次了解到学校防疫物资紧缺，特筹集口罩、84消毒液等防疫物资赠送给学校，缓解我校防疫物资缺乏的状况，增强了校企双方抗击疫情的信心与力量。",【防控疫情】柳州银行股份有限公司向我校捐赠防疫物资
"发布日期：2020-03-27    作者：韦明珠     来源：党委办公室
        点击：",http://www.gxstnu.edu.cn/info/1024/10014.htm,"3月27日上午，学校党委书记陈贵英深入一线实地检查我校疫情防控情况和春季学期开学准备工作。,在校门口，陈贵英书记首先检查了校门管控情况，以一名普通教职工身份，经出示工作牌、扫码、测量体温后进入校园。陈书记要求保卫人员要严格执行校门管控规定，做到认真查验、仔细询问、详细登记、全员测温、礼貌待人，确保从校园第一关口封堵疫情。,随后，陈贵英书记还到有关部门、学院和隔离场所实地检查工作情况。陈书记强调，各单位、各部门要进一步提高政治站位，加强组织领导，认真落实学校各项决策部署，切实把工作抓实、抓细、抓落地，做到疫情防控和开学两不误。",【防控疫情】学校党委书记陈贵英深入一线检查疫情防控情况和开学准备工作
"发布日期：2020-04-02    作者：韦清燕     来源：科研管理处
        点击：",http://www.gxstnu.edu.cn/info/1024/10023.htm,"受来宾市科技局邀请，4月1日上午，学校科研管理处赖家胜副处长、机械与电气工程学院温新权副院长率队到广西恒达电机科技有限公司参加来宾市电机及控制系统工程技术研究中心现场考评会。,会上，赖家胜副处长向市科技局对该项目及学校科技活动的支持表示感谢，要求我校项目负责人高度重视“中心”的建设，既要积极抓好市级“工程技术研究中心”的建设，又要对标自治区科技厅“工程技术研究中心”有关建设标准，努力把“中心”建设纳入厅市共建范围。温新权副院长代表项目组介绍了“中心”概况和建设情况，提出了需要市科技局协助解决的问题和建议。,来宾市科技局副局长徐兴才对我校与恒达电机联合申报市级“工程技术研究中心”表示高度赞赏，对前期开展的工作及取得的成效表示肯定，来宾市科技局将大力推动“中心”作为市局重点工作进行建设，并希望合作双方抓住机会，尽快把“中心”建成自治区级科研平台。,会议现场,会前，参会人员在企业项目负责人的陪同下，参观了工程技术中心的建设现场，了解了中心的建设情况。,参观“中心”建设现场",【图文】科研管理处率队参加来宾市科技局重点推进项目现场考评会
"发布日期：2020-04-03    作者：杨新士     来源：党委宣传部
        点击：",http://www.gxstnu.edu.cn/info/1024/10027.htm,"4月2日下午，全区教育系统学校开学准备工作视频调度会在南宁召开。自治区新冠肺炎疫情防控工作领导小组指挥部学校开学工作组组长、自治区党委教育工委书记、教育厅厅长唐咸仅在会上部署工作。根据会议要求，我校在来宾校区科教楼九楼视频会议室设分会场，校领导陈贵英、张鹏、陈翔、蓝海、梁梅、李栋学、胡国强，校长助理宋启军及学校行政教辅部门、二级学院负责人参加会议。,会议现场,会上,唐咸仅厅长就做好疫情防控和开学工作进行部署。疫情防控工作方面，要科学分析研判，在落实高三初三开学工作之后，审慎研究确定其他各学段具体开学时间；要继续查缺补漏，扎实做好开学的各项准备工作。开学准备工作方面，要继续严格落实人盯人的要求，抓紧做好防控物资储备和临时隔离观察点的设置，完善部门联动工作机制和公共突发事件的应急预案。各地各校要开展一次安全隐患大排查。,桂林市教育局、玉林师范学院、广西理工职业技术学院、广西机电工程学校作了交流发言。,会议现场,视频会议结束后，我校就贯彻落实视频调度会精神、做好开学准备工作召开推进工作会议。,学校党委书记陈贵英强调，要严格落实“人盯人”制度，师生返校之前一定要居家观察14天；各二级学院将开学工作要落实到位，积极发挥学院领导班子作用；要主动作为，学生返校开学工作要严之又严、细之又细，确保学生顺利返校学习。,张鹏校长指出，学校开学方案要认真完善，注重细节，并及时上报自治区教育厅审批；各项准备工作要认真按照学校的决策部署抓好落实；要层层压紧压实责任，做实做细疫情防控工作，确保师生生命安全和身体健康。",【防控疫情】学校组织参加全区教育系统学校开学准备工作视频调度会议
"发布日期：2020-04-07    作者：韦清燕     来源：科研管理处
        点击：",http://www.gxstnu.edu.cn/info/1024/10031.htm,"为进一步提高我校教师申报2020年国家自然科学基金项目的质量和水平，4月3日上午，科研管理处处长覃逸明率领我校国家自然科学基金项目申请者和科研处有关人员，赴广西科技大学参加项目申报辅导会。,本次辅导会由两校科研处联合举办，邀请到广西科技大学国家自科基金项目资深评委、科研处处长向宇教授亲自辅导。在辅导会上，向宇教授以自己已立项的项目申报书为蓝本，并结合自己多年的项目申报经验和评审经验，详细介绍了项目申请书的书写格式、关键部分、“开眼点”和“创新点”，及申报书撰写时的注意事项。并对我校教师申报书进行了一一点评，耐心细致回答了大家提出的问题。",【图文】科研管理处率队参加国家自然科学基金项目申报辅导会
"发布日期：2020-04-07    作者：韦怡     来源：校团委
        点击：",http://www.gxstnu.edu.cn/info/1024/10032.htm,"4月4日，校团委积极组织广大团员青年开展“致敬·2020清明祭英烈”网上祭扫致敬英雄烈士活动，取得良好成效。,我校广大团员青年通过中华英烈网开设的“致敬·2020清明祭英烈”专栏，利用电脑、手机进行网上祭奠，向先烈献花、点烛、祭拜，寄托对先烈们的哀思，抒写感言寄语，表达对革命先烈和英雄人物的怀念和敬仰之情。,通过开展“致敬•2020 清明祭英烈”活动，进一步加强了学生的中华民族优秀文化传统和中国革命传统教育，激发了我校广大青年的爱国主义情怀，也倡导了网络祭祀、文明祭祀的新理念。同学们纷纷表示，要继承革命先烈遗志，坚定崇高理想信念，增强报效祖国、建设家乡的责任感和使命感，为实现中华民族伟大复兴的中国梦而努力奋斗。",【图文】校团委组织团员青年开展“致敬·2020清明祭英烈”网上祭扫致敬英雄烈士活动
"发布日期：2020-04-08    作者：覃家璇     来源：国有资产管理处
        点击：",http://www.gxstnu.edu.cn/info/1024/10037.htm,"4月2日，来宾市工业园区管理委员会、广西德福莱医疗器械有限公司向我校捐赠一次性医用防护口罩20000只，同时，定点向我校机械与电气工程学院捐赠5000只，总价值50000余元。,爱心捐赠仪式在来宾市高新区管委会大楼前举行，来宾市工业园区（来宾市高新区）党工委书记雷应天、广西德福莱医疗器械有限公司负责人蓝国勇，学校后勤管理与基本建设处处长容博、国有资产管理处处长廖政达、机械与电气工程学院院长汪灵枝参加捐赠仪式，并向来宾市工业园区（来宾市高新区）、广西德福莱医疗器械有限公司致以感谢。,勠力同心，共克时艰。来宾市工业园区及园区爱心企业了解到学校防疫物资紧缺的情况后，特筹集一批一次性医用防护口罩赠送给学校，缓解了我校防疫物资缺乏的状况，增加了学校疫情防控物资的储备，为接下来的开学工作以及打赢疫情防控阻击战提供了有力保障。",【防控疫情】来宾市工业园区及园区爱心企业向我校捐赠防疫物资
"发布日期：2020-04-08    作者：文/图 林文强     来源：党委宣传部
        点击：",http://www.gxstnu.edu.cn/info/1024/10040.htm,"4月7日上午，校长张鹏到柳州校区检查疫情防控工作和春季学期开学准备评估工作。校长助理、柳州校区管委会主任宋启军及学生工作处、保卫处、教务处、国有资产管理处、后勤管理与基本建设处等部门负责人、相关工作人员参加会议。,                                                                会议现场,会上，张鹏校长主要从组织准备、健康准备、防疫准备、物资准备、返校准备、教学准备、应急准备等7个方面检查了柳州校区疫情防控及开学准备工作情况，并与合作办学西校区签订了《疫情防控安全责任协议书》。,                                               签订《疫情防控安全责任协议书》,会后，张鹏校长实地查看了学校大门口、学生宿舍、学生食堂、教学楼、临时隔离观察室、物资储备室等重点区域的疫情防控设施建设情况和开学准备工作情况。,                                                      现场查看临时隔离观察室",【防控疫情】张鹏校长到柳州校区检查评估开学准备工作
